op,variant,weight_format,block_size,size,ns_per_iter,gflops,gbps,sclk_mhz,sclk_mhz_min,sclk_mhz_max,power_w,detail
gemm,naive,fp32,0,256,44440.400,755.0434,0.0000,2813.0,2813.0,2813.0,118.90,
gemm,naive,fp32,0,512,270646.200,991.8316,0.0000,2813.0,2813.0,2813.0,119.13,
gemm,naive,fp32,0,1024,2269317.700,946.3125,0.0000,2813.7,2813.0,2815.0,119.05,
gemm,naive,fp32,0,2048,18316164.900,937.9621,0.0000,2828.7,2815.0,2841.0,118.29,
gemm,naive,fp32,0,4096,259837574.000,528.9418,0.0000,2845.2,2838.0,2852.0,110.43,
gemm,naive,fp16,0,256,43731.050,767.2908,0.0000,2853.0,2853.0,2853.0,112.31,
gemm,naive,fp16,0,512,263386.400,1019.1698,0.0000,2850.0,2850.0,2850.0,112.57,
gemm,naive,fp16,0,1024,2243162.000,957.3467,0.0000,2816.2,2814.0,2818.0,112.45,
gemm,naive,fp16,0,2048,18020889.900,953.3308,0.0000,2830.7,2818.0,2843.0,120.75,
gemm,naive,fp16,0,4096,167703178.000,819.5370,0.0000,2853.6,2845.0,2861.0,111.36,
gemm,tiled,fp32,0,256,14389.300,2331.9016,0.0000,2862.0,2862.0,2862.0,111.27,
gemm,tiled,fp32,0,512,107105.500,2506.2714,0.0000,2863.0,2863.0,2863.0,111.66,
gemm,tiled,fp32,0,1024,759879.750,2826.0835,0.0000,2855.0,2855.0,2855.0,112.35,
gemm,tiled,fp32,0,2048,6104913.400,2814.1053,0.0000,2819.1,2815.0,2823.0,117.53,
gemm,tiled,fp32,0,4096,84582876.400,1624.9028,0.0000,2840.4,2827.0,2852.0,121.21,
gemm,tiled,fp16,0,256,14898.300,2252.2323,0.0000,2851.0,2851.0,2851.0,120.10,
gemm,tiled,fp16,0,512,115180.800,2330.5573,0.0000,2826.0,2826.0,2826.0,118.97,
gemm,tiled,fp16,0,1024,799430.900,2686.2655,0.0000,2813.0,2813.0,2813.0,120.57,
gemm,tiled,fp16,0,2048,6501266.450,2642.5419,0.0000,2808.6,2803.0,2813.0,121.27,
gemm,tiled,fp16,0,4096,53115132.667,2587.5668,0.0000,2781.5,2767.0,2798.0,120.96,
gemm,naive,q8,32,256,69600.200,482.1025,0.0000,2735.0,2735.0,2735.0,119.85,
gemm,naive,q8,32,512,527951.100,508.4476,0.0000,2813.0,2813.0,2813.0,120.08,
gemm,naive,q8,32,1024,4195491.450,511.8551,0.0000,2810.0,2805.0,2813.0,120.47,
gemm,naive,q8,32,2048,35315588.571,486.4670,0.0000,2728.5,2696.0,2765.0,120.59,
gemm,naive,q8,32,4096,284373593.000,483.3042,0.0000,2689.1,2679.0,2700.0,120.27,
gemm,naive,q4,32,256,83194.050,403.3273,0.0000,2800.0,2800.0,2800.0,119.79,
gemm,naive,q4,32,512,625211.900,429.3512,0.0000,2809.7,2809.0,2810.0,119.48,
gemm,naive,q4,32,1024,4993074.900,430.0924,0.0000,2810.2,2806.0,2813.0,120.00,
gemm,naive,q4,32,2048,40956845.167,419.4627,0.0000,2721.1,2710.0,2737.0,119.85,
gemm,naive,q4,32,4096,332167241.000,413.7643,0.0000,2704.0,2690.0,2718.0,120.26,
gemm,tiled,q8,32,256,17272.800,1942.6168,0.0000,2616.0,2616.0,2616.0,118.83,
gemm,tiled,q8,32,512,126726.750,2118.2225,0.0000,2809.0,2809.0,2809.0,119.56,
gemm,tiled,q8,32,1024,871786.400,2463.3140,0.0000,2773.7,2773.0,2774.0,119.42,
gemm,tiled,q8,32,2048,7400983.950,2321.2953,0.0000,2781.4,2766.0,2794.0,120.60,
gemm,tiled,q8,32,4096,63931774.000,2149.7754,0.0000,2492.9,2481.0,2504.0,120.10,
gemm,tiled,q4,32,256,17441.100,1923.8713,0.0000,2766.0,2766.0,2766.0,119.29,
gemm,tiled,q4,32,512,130183.300,2061.9807,0.0000,2813.0,2813.0,2813.0,119.39,
gemm,tiled,q4,32,1024,890499.950,2411.5483,0.0000,2812.9,2812.0,2813.0,119.73,
gemm,tiled,q4,32,2048,7540108.250,2278.4645,0.0000,2790.9,2775.0,2804.0,120.65,
gemm,tiled,q4,32,4096,61677017.000,2228.3658,0.0000,2708.3,2674.0,2749.0,120.72,
gemm,naive,q8,64,256,69540.100,482.5192,0.0000,2813.0,2813.0,2813.0,119.68,
gemm,naive,q8,64,512,528243.650,508.1660,0.0000,2745.0,2745.0,2745.0,119.17,
gemm,naive,q8,64,1024,4207187.700,510.4321,0.0000,2809.5,2804.0,2813.0,120.17,
gemm,naive,q8,64,2048,34469772.929,498.4039,0.0000,2744.1,2724.0,2769.0,120.04,
gemm,naive,q8,64,4096,283601887.000,484.6193,0.0000,2702.7,2690.0,2716.0,120.27,
gemm,naive,q4,64,256,81290.450,412.7721,0.0000,2813.0,2813.0,2813.0,119.41,
gemm,naive,q4,64,512,620248.450,432.7870,0.0000,2813.0,2813.0,2813.0,119.35,
gemm,naive,q4,64,1024,4996791.950,429.7725,0.0000,2809.8,2806.0,2813.0,119.90,
gemm,naive,q4,64,2048,40863077.000,420.4252,0.0000,2775.4,2752.0,2804.0,120.16,
gemm,naive,q4,64,4096,327898130.000,419.1514,0.0000,2712.5,2702.0,2725.0,120.17,
gemm,tiled,q8,64,256,16990.250,1974.9228,0.0000,2805.0,2805.0,2805.0,119.45,
gemm,tiled,q8,64,512,124344.250,2158.8088,0.0000,2813.0,2813.0,2813.0,119.46,
gemm,tiled,q8,64,1024,913846.300,2349.9396,0.0000,2698.0,2698.0,2698.0,119.72,
gemm,tiled,q8,64,2048,7367973.200,2331.6954,0.0000,2758.0,2745.0,2770.0,120.41,
gemm,tiled,q8,64,4096,61578394.625,2231.9347,0.0000,2677.7,2647.0,2721.0,120.67,
gemm,tiled,q4,64,256,17531.300,1913.9728,0.0000,2807.0,2807.0,2807.0,119.56,
gemm,tiled,q4,64,512,130495.900,2057.0413,0.0000,2813.0,2813.0,2813.0,119.41,
gemm,tiled,q4,64,1024,894188.950,2401.5994,0.0000,2813.0,2813.0,2813.0,119.59,
gemm,tiled,q4,64,2048,7435882.250,2310.4009,0.0000,2801.1,2788.0,2812.0,120.72,
gemm,tiled,q4,64,4096,61535578.250,2233.4876,0.0000,2727.2,2689.0,2772.0,120.72,
gemm,naive,q8,128,256,68301.750,491.2675,0.0000,2813.0,2813.0,2813.0,119.44,
gemm,naive,q8,128,512,526384.100,509.9612,0.0000,2813.0,2813.0,2813.0,119.56,
gemm,naive,q8,128,1024,4183148.000,513.3654,0.0000,2810.3,2806.0,2813.0,120.10,
gemm,naive,q8,128,2048,34371883.000,499.8233,0.0000,2767.6,2744.0,2796.0,120.09,
gemm,naive,q8,128,4096,298888131.000,459.8341,0.0000,2550.9,2535.0,2563.0,120.24,
gemm,naive,q4,128,256,80845.600,415.0434,0.0000,2788.0,2788.0,2788.0,119.28,
gemm,naive,q4,128,512,618585.300,433.9506,0.0000,2813.0,2813.0,2813.0,119.34,
gemm,naive,q4,128,1024,5025594.650,427.3094,0.0000,2806.6,2802.0,2810.0,119.95,
gemm,naive,q4,128,2048,40387787.250,425.3729,0.0000,2752.8,2740.0,2768.0,119.79,
gemm,naive,q4,128,4096,327800905.000,419.2757,0.0000,2714.9,2704.0,2726.0,120.17,
gemm,tiled,q8,128,256,17006.300,1973.0589,0.0000,2811.0,2811.0,2811.0,119.51,
gemm,tiled,q8,128,512,124276.100,2159.9926,0.0000,2813.0,2813.0,2813.0,119.46,
gemm,tiled,q8,128,1024,864801.100,2483.2111,0.0000,2813.0,2813.0,2813.0,119.74,
gemm,tiled,q8,128,2048,7254555.700,2368.1490,0.0000,2800.0,2786.0,2812.0,120.44,
gemm,tiled,q8,128,4096,59575594.250,2306.9674,0.0000,2728.0,2691.0,2771.0,120.75,
gemm,tiled,q4,128,256,20308.550,1652.2318,0.0000,2720.0,2720.0,2720.0,121.17,
gemm,tiled,q4,128,512,133193.050,2015.3864,0.0000,2527.0,2527.0,2527.0,118.21,
gemm,tiled,q4,128,1024,904787.100,2373.4685,0.0000,2751.0,2751.0,2751.0,119.42,
gemm,tiled,q4,128,2048,7535826.150,2279.7592,0.0000,2748.7,2736.0,2759.0,120.28,
gemm,tiled,q4,128,4096,61044470.125,2251.4562,0.0000,2692.6,2662.0,2727.0,120.34,
gemm,naive,q8,256,256,69455.950,483.1038,0.0000,2711.0,2711.0,2711.0,119.18,
gemm,naive,q8,256,512,539182.450,497.8564,0.0000,2751.3,2751.0,2752.0,119.22,
gemm,naive,q8,256,1024,4720094.200,454.9663,0.0000,2552.3,2547.0,2560.0,119.98,
gemm,naive,q8,256,2048,35144042.643,488.8416,0.0000,2701.3,2678.0,2728.0,119.77,
gemm,naive,q8,256,4096,279458775.000,491.8040,0.0000,2725.5,2714.0,2736.0,119.82,
gemm,naive,q4,256,256,80773.450,415.4141,0.0000,2813.0,2813.0,2813.0,119.75,
gemm,naive,q4,256,512,620082.150,432.9031,0.0000,2813.0,2813.0,2813.0,119.62,
gemm,naive,q4,256,1024,4984624.800,430.8215,0.0000,2811.0,2807.0,2813.0,120.41,
gemm,naive,q4,256,2048,40304766.167,426.2491,0.0000,2785.0,2765.0,2807.0,120.76,
gemm,naive,q4,256,4096,327063905.000,420.2205,0.0000,2730.9,2720.0,2742.0,120.45,
gemm,tiled,q8,256,256,16962.200,1978.1887,0.0000,2813.0,2813.0,2813.0,120.26,
gemm,tiled,q8,256,512,142212.200,1887.5698,0.0000,2539.0,2539.0,2539.0,120.00,
gemm,tiled,q8,256,1024,987878.950,2173.8328,0.0000,2568.8,2567.0,2570.0,120.39,
gemm,tiled,q8,256,2048,7191694.300,2388.8486,0.0000,2778.4,2767.0,2787.0,120.35,
gemm,tiled,q8,256,4096,58835964.000,2335.9684,0.0000,2745.4,2712.0,2785.0,121.59,
gemm,tiled,q4,256,256,17334.900,1935.6577,0.0000,2813.0,2813.0,2813.0,120.92,
gemm,tiled,q4,256,512,129504.050,2072.7958,0.0000,2813.0,2813.0,2813.0,120.17,
gemm,tiled,q4,256,1024,881783.350,2435.3869,0.0000,2813.7,2813.0,2814.0,119.94,
gemm,tiled,q4,256,2048,7349892.850,2337.4312,0.0000,2803.7,2791.0,2813.0,122.72,
gemm,tiled,q4,256,4096,59934436.125,2293.1550,0.0000,2750.0,2717.0,2787.0,121.50,
gemm,naive,q8,512,512,513998.600,522.2494,0.0000,2780.3,2780.0,2781.0,134.22,
gemm,naive,q8,512,1024,3936238.900,545.5674,0.0000,2818.1,2815.0,2821.0,136.12,
gemm,naive,q8,512,2048,32001520.600,536.8454,0.0000,2832.2,2821.0,2839.0,139.91,
gemm,naive,q8,512,4096,264856350.000,518.9189,0.0000,2831.2,2824.0,2833.0,142.43,
gemm,naive,q4,512,512,606991.250,442.2394,0.0000,2786.3,2786.0,2787.0,136.97,
gemm,naive,q4,512,1024,4734936.400,453.5401,0.0000,2818.4,2815.0,2822.0,138.90,
gemm,naive,q4,512,2048,37811768.923,454.3524,0.0000,2836.7,2823.0,2846.0,142.81,
gemm,naive,q4,512,4096,305643366.000,449.6710,0.0000,2842.5,2841.0,2843.0,144.71,
gemm,tiled,q8,512,512,121035.950,2217.8159,0.0000,2767.0,2767.0,2767.0,137.16,
gemm,tiled,q8,512,1024,833205.100,2577.3770,0.0000,2814.7,2814.0,2815.0,139.19,
gemm,tiled,q8,512,2048,6689971.000,2568.0035,0.0000,2814.8,2814.0,2816.0,139.89,
gemm,tiled,q8,512,4096,53553953.111,2566.3643,0.0000,2817.3,2817.0,2818.0,145.70,
gemm,tiled,q4,512,512,127069.400,2112.5106,0.0000,2779.0,2779.0,2779.0,136.99,
gemm,tiled,q4,512,1024,863482.600,2487.0028,0.0000,2813.7,2813.0,2814.0,138.57,
gemm,tiled,q4,512,2048,6880474.950,2496.9016,0.0000,2816.6,2815.0,2818.0,141.10,
gemm,tiled,q4,512,4096,55962792.111,2455.8988,0.0000,2809.8,2806.0,2819.0,145.75,
gemm,naive,q8,1024,1024,3940202.400,545.0186,0.0000,2789.6,2785.0,2794.0,140.47,
gemm,naive,q8,1024,2048,31679009.133,542.3108,0.0000,2837.3,2822.0,2851.0,144.85,
gemm,naive,q8,1024,4096,258902918.000,530.8513,0.0000,2847.7,2844.0,2850.0,149.33,
gemm,naive,q4,1024,1024,4739629.350,453.0911,0.0000,2795.6,2791.0,2800.0,139.33,
gemm,naive,q4,1024,2048,37744296.154,455.1646,0.0000,2838.1,2823.0,2850.0,143.65,
gemm,naive,q4,1024,4096,306348105.000,448.6365,0.0000,2838.8,2837.0,2840.0,145.64,
gemm,tiled,q8,1024,1024,835032.550,2571.7365,0.0000,2768.2,2767.0,2769.0,136.17,
gemm,tiled,q8,1024,2048,6669802.700,2575.7687,0.0000,2814.8,2814.0,2816.0,139.51,
gemm,tiled,q8,1024,4096,54382002.000,2527.2875,0.0000,2803.6,2797.0,2814.0,144.26,
gemm,tiled,q4,1024,1024,864959.400,2482.7566,0.0000,2782.5,2782.0,2783.0,135.38,
gemm,tiled,q4,1024,2048,6901278.500,2489.3749,0.0000,2814.8,2814.0,2816.0,138.25,
gemm,tiled,q4,1024,4096,56309415.222,2440.7810,0.0000,2808.2,2800.0,2815.0,142.71,
gemm,coopmat,fp16,0,256,5905.200,5682.1838,0.0000,2814.0,2814.0,2814.0,140.67,
gemm,coopmat,fp16,0,512,61390.600,4372.5824,0.0000,2813.0,2813.0,2813.0,139.71,
gemm,coopmat,fp16,0,1024,371131.150,5786.3201,0.0000,2813.9,2813.0,2814.0,138.87,
gemm,coopmat,fp16,0,2048,3313247.200,5185.2060,0.0000,2814.3,2812.0,2817.0,135.92,
gemm,coopmat,fp16,0,4096,32756357.429,4195.7948,0.0000,2832.1,2815.0,2846.0,137.54,
gemm,coopmat,q8,0,256,4564.650,7350.9321,0.0000,2848.0,2848.0,2848.0,138.10,
gemm,coopmat,q8,0,512,28450.050,9435.3246,0.0000,2849.0,2849.0,2849.0,138.08,
gemm,coopmat,q8,0,1024,358911.900,5983.3169,0.0000,2837.0,2837.0,2837.0,137.38,
gemm,coopmat,q8,0,2048,2345320.100,7325.1703,0.0000,2812.7,2811.0,2813.0,136.71,
gemm,coopmat,q8,0,4096,29243503.000,4699.8116,0.0000,2782.3,2753.0,2808.0,137.96,
dequant,q4_to_fp16,q4,32,256,1258.350,0.0000,133.4573,2815.0,2815.0,2815.0,138.86,
gemm,coopmat_dequant,q4,32,256,5859.100,5726.8918,0.0000,2817.0,2817.0,2817.0,138.90,
dequant,q4_to_fp16,q4,32,512,3083.850,0.0000,217.8264,2814.0,2814.0,2814.0,138.49,
gemm,coopmat_dequant,q4,32,512,61210.300,4385.4622,0.0000,2816.0,2816.0,2816.0,138.42,
dequant,q4_to_fp16,q4,32,1024,9407.850,0.0000,285.6100,2814.0,2814.0,2814.0,137.95,
gemm,coopmat_dequant,q4,32,1024,369542.100,5811.2016,0.0000,2813.0,2813.0,2813.0,137.21,
dequant,q4_to_fp16,q4,32,2048,31327.500,0.0000,343.0821,2814.0,2814.0,2814.0,137.19,
gemm,coopmat_dequant,q4,32,2048,3350794.550,5127.1031,0.0000,2816.6,2814.0,2819.0,137.05,
dequant,q4_to_fp16,q4,32,4096,217521.250,0.0000,197.6433,2814.0,2814.0,2814.0,136.37,
gemm,coopmat_dequant,q4,32,4096,32691213.643,4204.1557,0.0000,2837.3,2822.0,2851.0,136.96,
gemm,coopmat_fused,q4,32,256,9914.800,3384.2772,0.0000,2852.0,2852.0,2852.0,136.56,
gemm,coopmat_fused,q4,32,512,55846.100,4806.7001,0.0000,2848.0,2848.0,2848.0,136.32,
gemm,coopmat_fused,q4,32,1024,430986.850,4982.7127,0.0000,2814.6,2814.0,2815.0,135.13,
gemm,coopmat_fused,q4,32,2048,3506708.750,4899.1434,0.0000,2813.1,2812.0,2815.0,137.44,
gemm,coopmat_fused,q4,32,4096,42024042.833,3270.4839,0.0000,2827.3,2820.0,2835.0,143.52,
dequant,q4_to_fp16,q4,64,256,1242.350,0.0000,133.5276,2836.0,2836.0,2836.0,147.04,
gemm,coopmat_dequant,q4,64,256,5879.150,5707.3611,0.0000,2838.0,2838.0,2838.0,146.91,
dequant,q4_to_fp16,q4,64,512,3077.800,0.0000,215.5930,2837.0,2837.0,2837.0,146.53,
gemm,coopmat_dequant,q4,64,512,61282.400,4380.3026,0.0000,2836.0,2836.0,2836.0,146.13,
dequant,q4_to_fp16,q4,64,1024,9411.850,0.0000,282.0070,2816.0,2816.0,2816.0,144.67,
gemm,coopmat_dequant,q4,64,1024,371351.550,5782.8859,0.0000,2814.6,2814.0,2815.0,143.32,
dequant,q4_to_fp16,q4,64,2048,31293.450,0.0000,339.2669,2814.0,2814.0,2814.0,140.02,
gemm,coopmat_dequant,q4,64,2048,3339334.750,5144.6981,0.0000,2817.8,2815.0,2821.0,138.82,
dequant,q4_to_fp16,q4,64,4096,216098.550,0.0000,196.5183,2814.0,2814.0,2814.0,137.24,
gemm,coopmat_dequant,q4,64,4096,32716584.714,4200.8955,0.0000,2837.0,2822.0,2851.0,137.02,
gemm,coopmat_fused,q4,64,256,9924.850,3380.8503,0.0000,2852.0,2852.0,2852.0,136.53,
gemm,coopmat_fused,q4,64,512,55856.100,4805.8396,0.0000,2848.5,2848.0,2849.0,136.30,
gemm,coopmat_fused,q4,64,1024,429876.750,4995.5799,0.0000,2814.4,2814.0,2815.0,134.39,
gemm,coopmat_fused,q4,64,2048,3606009.450,4764.2330,0.0000,2811.8,2807.0,2815.0,137.23,
gemm,coopmat_fused,q4,64,4096,30534175.250,4501.1517,0.0000,2770.6,2745.0,2800.0,143.50,
dequant,q4_to_fp16,q4,128,256,1230.300,0.0000,134.0031,2813.0,2813.0,2813.0,143.09,
gemm,coopmat_dequant,q4,128,256,5901.200,5686.0354,0.0000,2815.0,2815.0,2815.0,142.92,
dequant,q4_to_fp16,q4,128,512,3069.800,0.0000,214.8205,2815.0,2815.0,2815.0,142.54,
gemm,coopmat_dequant,q4,128,512,61166.200,4388.6240,0.0000,2814.0,2814.0,2814.0,142.27,
dequant,q4_to_fp16,q4,128,1024,9469.950,0.0000,278.5468,2813.0,2813.0,2813.0,141.06,
gemm,coopmat_dequant,q4,128,1024,372207.150,5769.5927,0.0000,2813.0,2813.0,2813.0,140.44,
dequant,q4_to_fp16,q4,128,2048,31317.500,0.0000,336.9137,2814.0,2814.0,2814.0,138.53,
gemm,coopmat_dequant,q4,128,2048,3379487.050,5083.5730,0.0000,2817.1,2814.0,2820.0,137.91,
dequant,q4_to_fp16,q4,128,4096,214341.250,0.0000,196.9065,2813.0,2813.0,2813.0,136.49,
gemm,coopmat_dequant,q4,128,4096,32775679.857,4193.3212,0.0000,2837.4,2822.0,2851.0,137.56,
gemm,coopmat_fused,q4,128,256,9916.800,3383.5947,0.0000,2847.0,2847.0,2847.0,136.78,
gemm,coopmat_fused,q4,128,512,55868.150,4804.8030,0.0000,2840.0,2840.0,2840.0,136.39,
gemm,coopmat_fused,q4,128,1024,430219.400,4991.6011,0.0000,2814.0,2814.0,2814.0,135.49,
gemm,coopmat_fused,q4,128,2048,3478825.800,4938.4103,0.0000,2812.7,2812.0,2814.0,137.24,
gemm,coopmat_fused,q4,128,4096,28532569.882,4816.9146,0.0000,2786.8,2765.0,2804.0,142.98,
dequant,q4_to_fp16,q4,256,256,1212.300,0.0000,135.5704,2813.0,2813.0,2813.0,141.74,
gemm,coopmat_dequant,q4,256,256,5907.200,5680.2600,0.0000,2815.0,2815.0,2815.0,141.62,
dequant,q4_to_fp16,q4,256,512,3065.800,0.0000,214.4328,2815.0,2815.0,2815.0,141.31,
gemm,coopmat_dequant,q4,256,512,61326.500,4377.1527,0.0000,2815.0,2815.0,2815.0,140.93,
dequant,q4_to_fp16,q4,256,1024,9407.850,0.0000,279.5147,2813.0,2813.0,2813.0,140.00,
gemm,coopmat_dequant,q4,256,1024,368636.400,5825.4791,0.0000,2813.9,2813.0,2814.0,139.04,
dequant,q4_to_fp16,q4,256,2048,31010.900,0.0000,339.1881,2813.0,2813.0,2813.0,137.67,
gemm,coopmat_dequant,q4,256,2048,3308089.400,5193.2905,0.0000,2816.4,2814.0,2819.0,137.01,
dequant,q4_to_fp16,q4,256,4096,235972.350,0.0000,178.3010,2811.5,2811.0,2813.0,135.82,
gemm,coopmat_dequant,q4,256,4096,32702512.286,4202.7032,0.0000,2836.6,2821.0,2850.0,137.11,
gemm,coopmat_fused,q4,256,256,9928.850,3379.4883,0.0000,2816.0,2816.0,2816.0,135.34,
gemm,coopmat_fused,q4,256,512,55840.050,4807.2209,0.0000,2814.0,2814.0,2814.0,135.09,
gemm,coopmat_fused,q4,256,1024,428636.400,5010.0357,0.0000,2814.0,2814.0,2814.0,135.67,
gemm,coopmat_fused,q4,256,2048,3662963.650,4690.1555,0.0000,2809.1,2803.0,2814.0,137.07,
gemm,coopmat_fused,q4,256,4096,28229773.353,4868.5815,0.0000,2792.6,2780.0,2806.0,142.33,
dequant,q4_to_fp16,q4,512,512,3081.850,0.0000,212.9838,2814.0,2814.0,2814.0,137.58,
gemm,coopmat_dequant,q4,512,512,61432.700,4369.5858,0.0000,2814.0,2814.0,2814.0,137.36,
dequant,q4_to_fp16,q4,512,1024,9419.850,0.0000,278.7238,2814.0,2814.0,2814.0,137.10,
gemm,coopmat_dequant,q4,512,1024,370924.750,5789.5399,0.0000,2814.5,2814.0,2815.0,136.68,
dequant,q4_to_fp16,q4,512,2048,74433.400,0.0000,141.0945,2813.0,2812.0,2814.0,136.45,
gemm,coopmat_dequant,q4,512,2048,3321761.350,5171.9156,0.0000,2817.8,2815.0,2821.0,136.72,
dequant,q4_to_fp16,q4,512,4096,214008.600,0.0000,196.2939,2813.0,2813.0,2813.0,137.10,
gemm,coopmat_dequant,q4,512,4096,32880590.643,4179.9417,0.0000,2836.6,2821.0,2850.0,137.63,
gemm,coopmat_fused,q4,512,512,56044.450,4789.6885,0.0000,2813.0,2813.0,2813.0,136.42,
gemm,coopmat_fused,q4,512,1024,430167.300,4992.2057,0.0000,2813.3,2813.0,2814.0,135.97,
gemm,coopmat_fused,q4,512,2048,3589592.250,4786.0225,0.0000,2810.5,2807.0,2814.0,137.89,
gemm,coopmat_fused,q4,512,4096,28606220.353,4804.5129,0.0000,2785.4,2770.0,2811.0,142.31,
dequant,q4_to_fp16,q4,1024,1024,9397.850,0.0000,279.1583,2791.0,2791.0,2791.0,136.60,
gemm,coopmat_dequant,q4,1024,1024,368377.900,5829.5670,0.0000,2814.0,2814.0,2814.0,137.16,
dequant,q4_to_fp16,q4,1024,2048,31269.400,0.0000,335.5981,2813.0,2813.0,2813.0,137.11,
gemm,coopmat_dequant,q4,1024,2048,3309528.100,5191.0329,0.0000,2817.0,2814.0,2820.0,137.60,
dequant,q4_to_fp16,q4,1024,4096,212988.650,0.0000,197.0800,2814.0,2814.0,2814.0,137.67,
gemm,coopmat_dequant,q4,1024,4096,32784883.071,4192.1441,0.0000,2837.4,2822.0,2851.0,137.35,
gemm,coopmat_fused,q4,1024,1024,429872.750,4995.6264,0.0000,2790.4,2790.0,2791.0,138.39,
gemm,coopmat_fused,q4,1024,2048,3593874.400,4780.3199,0.0000,2810.4,2806.0,2814.0,139.71,
gemm,coopmat_fused,q4,1024,4096,28375169.588,4843.6346,0.0000,2795.7,2774.0,2810.0,144.38,
gemm,naive,w8a8,32,256,14944.350,2245.2922,0.0000,2813.0,2813.0,2813.0,145.56,
gemm,naive,w8a8,32,512,233217.100,1151.0110,0.0000,2813.0,2813.0,2813.0,144.72,
gemm,naive,w8a8,32,1024,2984745.050,719.4865,0.0000,2816.2,2814.0,2819.0,141.12,
gemm,naive,w8a8,32,2048,40803503.750,421.0391,0.0000,2840.1,2824.0,2854.0,122.45,
gemm,naive,w8a8,32,4096,291064185.000,472.1947,0.0000,2857.2,2851.0,2863.0,111.84,
gemm,naive,w8a8,64,256,15234.900,2202.4714,0.0000,2864.0,2864.0,2864.0,108.35,
gemm,naive,w8a8,64,512,212864.400,1261.0632,0.0000,2860.8,2860.0,2861.0,108.92,
gemm,naive,w8a8,64,1024,2108199.600,1018.6339,0.0000,2830.6,2829.0,2832.0,108.71,
gemm,naive,w8a8,64,2048,26005989.700,660.6120,0.0000,2838.0,2820.0,2853.0,118.39,
gemm,naive,w8a8,64,4096,285435611.000,481.5060,0.0000,2857.9,2852.0,2864.0,110.15,
gemm,naive,w8a8,128,256,15196.850,2207.9860,0.0000,2843.0,2843.0,2843.0,107.32,
gemm,naive,w8a8,128,512,204686.900,1311.4442,0.0000,2840.0,2840.0,2840.0,107.77,
gemm,naive,w8a8,128,1024,1687800.800,1272.3561,0.0000,2815.4,2814.0,2817.0,112.65,
gemm,naive,w8a8,128,2048,18650179.550,921.1637,0.0000,2831.2,2817.0,2843.0,125.11,
gemm,naive,w8a8,128,4096,145756245.333,942.9370,0.0000,2854.9,2844.0,2864.0,122.83,
gemm,naive,w8a8,256,256,15281.000,2195.8270,0.0000,2814.0,2814.0,2814.0,133.89,
gemm,naive,w8a8,256,512,206249.850,1301.5062,0.0000,2814.0,2814.0,2814.0,133.62,
gemm,naive,w8a8,256,1024,1468870.850,1461.9962,0.0000,2814.6,2813.0,2816.0,134.87,
gemm,naive,w8a8,256,2048,13293916.600,1292.3106,0.0000,2825.9,2816.0,2835.0,134.57,
gemm,naive,w8a8,256,4096,102842381.750,1336.4038,0.0000,2848.6,2837.0,2858.0,132.28,
gemm,naive,w8a8,512,512,207398.050,1294.3008,0.0000,2759.0,2759.0,2759.0,136.30,
gemm,naive,w8a8,512,1024,1497970.150,1433.5958,0.0000,2815.7,2814.0,2817.0,138.54,
gemm,naive,w8a8,512,2048,11734000.700,1464.1101,0.0000,2824.7,2816.0,2833.0,138.03,
gemm,naive,w8a8,512,4096,98049825.750,1401.7256,0.0000,2846.9,2836.0,2857.0,132.32,
gemm,naive,w8a8,1024,1024,1533942.500,1399.9766,0.0000,2783.5,2782.0,2785.0,139.02,
gemm,naive,w8a8,1024,2048,11807239.900,1455.0284,0.0000,2825.7,2817.0,2834.0,138.49,
gemm,naive,w8a8,1024,4096,94086437.200,1460.7733,0.0000,2848.3,2835.0,2859.0,134.91,
