tokens,cells,selection,attn_kernel,gemm_kernel,out_kernel,dispatch,us_per_layer,us_per_graph,gflops,gbps
512,2048,sparse,qt1_kt2,gemm_m8,gemm_m4,qkv,1529.987,18.4,23905.0,48.4
512,2048,sparse,qt1_kt2,gemm_m8,gemm_m4,pack,62.507,0.8,0.0,352.3
512,2048,sparse,qt1_kt2,gemm_m8,gemm_m4,idx,6.374,0.1,0.0,0.0
512,2048,sparse,qt1_kt2,gemm_m8,gemm_m4,score,68.375,0.8,3925.9,0.0
512,2048,sparse,qt1_kt2,gemm_m8,gemm_m4,select,103.191,1.2,0.0,41.9
512,2048,sparse,qt1_kt2,gemm_m8,gemm_m4,attn,238.629,2.9,13498.9,0.0
512,2048,sparse,qt1_kt2,gemm_m8,gemm_m4,out,455.398,5.5,35367.1,82.9
512,2048,sparse,qt1_kt2,gemm_m8,gemm_m4,layer,2464.461,29.6,,
2048,2048,sparse,qt1_kt2,gemm_m8,gemm_m8,qkv,6047.356,72.6,24191.9,13.5
2048,2048,sparse,qt1_kt2,gemm_m8,gemm_m8,pack,500.740,6.0,0.0,175.9
2048,2048,sparse,qt1_kt2,gemm_m8,gemm_m8,idx,19.917,0.2,0.0,0.0
2048,2048,sparse,qt1_kt2,gemm_m8,gemm_m8,score,222.762,2.7,4820.1,0.0
2048,2048,sparse,qt1_kt2,gemm_m8,gemm_m8,select,284.819,3.4,0.0,60.7
2048,2048,sparse,qt1_kt2,gemm_m8,gemm_m8,attn,3040.462,36.5,16951.2,0.0
2048,2048,sparse,qt1_kt2,gemm_m8,gemm_m8,out,1600.375,19.2,40255.9,35.4
2048,2048,sparse,qt1_kt2,gemm_m8,gemm_m8,layer,11716.431,140.6,,
512,4096,sparse,qt1_kt2,gemm_m8,gemm_m4,qkv,1531.882,18.4,23875.4,48.3
512,4096,sparse,qt1_kt2,gemm_m8,gemm_m4,pack,63.076,0.8,0.0,349.1
512,4096,sparse,qt1_kt2,gemm_m8,gemm_m4,idx,8.516,0.1,0.0,0.0
512,4096,sparse,qt1_kt2,gemm_m8,gemm_m4,score,120.292,1.4,4463.1,0.0
512,4096,sparse,qt1_kt2,gemm_m8,gemm_m4,select,214.748,2.6,0.0,40.3
512,4096,sparse,qt1_kt2,gemm_m8,gemm_m4,attn,238.251,2.9,13520.3,0.0
512,4096,sparse,qt1_kt2,gemm_m8,gemm_m4,out,452.319,5.4,35607.9,83.5
512,4096,sparse,qt1_kt2,gemm_m8,gemm_m4,layer,2629.084,31.5,,
2048,4096,sparse,qt1_kt2,gemm_m8,gemm_m8,qkv,6047.178,72.6,24192.7,13.5
2048,4096,sparse,qt1_kt2,gemm_m8,gemm_m8,pack,508.360,6.1,0.0,173.3
2048,4096,sparse,qt1_kt2,gemm_m8,gemm_m8,idx,21.135,0.3,0.0,0.0
2048,4096,sparse,qt1_kt2,gemm_m8,gemm_m8,score,451.154,5.4,4760.0,0.0
2048,4096,sparse,qt1_kt2,gemm_m8,gemm_m8,select,801.819,9.6,0.0,43.2
2048,4096,sparse,qt1_kt2,gemm_m8,gemm_m8,attn,3084.415,37.0,16709.7,0.0
2048,4096,sparse,qt1_kt2,gemm_m8,gemm_m8,out,1709.359,20.5,37689.3,33.1
2048,4096,sparse,qt1_kt2,gemm_m8,gemm_m8,layer,12623.420,151.5,,
4096,4096,sparse,qt1_kt2,gemm_m8,gemm_m8,qkv,12166.173,146.0,24049.9,7.6
4096,4096,sparse,qt1_kt2,gemm_m8,gemm_m8,pack,958.766,11.5,0.0,183.7
4096,4096,sparse,qt1_kt2,gemm_m8,gemm_m8,idx,38.724,0.5,0.0,0.0
4096,4096,sparse,qt1_kt2,gemm_m8,gemm_m8,score,909.914,10.9,4720.2,0.0
4096,4096,sparse,qt1_kt2,gemm_m8,gemm_m8,select,1307.031,15.7,0.0,52.9
4096,4096,sparse,qt1_kt2,gemm_m8,gemm_m8,attn,12047.664,144.6,17111.9,0.0
4096,4096,sparse,qt1_kt2,gemm_m8,gemm_m8,out,3377.826,40.5,38145.5,24.2
4096,4096,sparse,qt1_kt2,gemm_m8,gemm_m8,layer,30806.098,369.7,,
512,4096,dense,qt1_kt2,gemm_m8,gemm_m4,qkv,1530.269,18.4,23900.6,48.4
512,4096,dense,qt1_kt2,gemm_m8,gemm_m4,pack,62.870,0.8,0.0,350.2
512,4096,dense,qt1_kt2,gemm_m8,gemm_m4,idx,8.630,0.1,0.0,0.0
512,4096,dense,qt1_kt2,gemm_m8,gemm_m4,score,122.703,1.5,4375.4,0.0
512,4096,dense,qt1_kt2,gemm_m8,gemm_m4,attn,197.726,2.4,16291.4,0.0
512,4096,dense,qt1_kt2,gemm_m8,gemm_m4,out,463.376,5.6,34758.2,81.5
512,4096,dense,qt1_kt2,gemm_m8,gemm_m4,layer,2385.574,28.6,,
2048,4096,dense,qt1_kt2,gemm_m8,gemm_m8,qkv,6045.689,72.5,24198.6,13.6
2048,4096,dense,qt1_kt2,gemm_m8,gemm_m8,pack,502.965,6.0,0.0,175.1
2048,4096,dense,qt1_kt2,gemm_m8,gemm_m8,idx,21.148,0.3,0.0,0.0
2048,4096,dense,qt1_kt2,gemm_m8,gemm_m8,score,453.434,5.4,4736.0,0.0
2048,4096,dense,qt1_kt2,gemm_m8,gemm_m8,attn,2536.397,30.4,20320.0,0.0
2048,4096,dense,qt1_kt2,gemm_m8,gemm_m8,out,1638.168,19.7,39327.2,34.6
2048,4096,dense,qt1_kt2,gemm_m8,gemm_m8,layer,11197.801,134.4,,
4096,4096,dense,qt1_kt2,gemm_m8,gemm_m8,qkv,12119.554,145.4,24142.4,7.6
4096,4096,dense,qt1_kt2,gemm_m8,gemm_m8,pack,966.365,11.6,0.0,182.3
4096,4096,dense,qt1_kt2,gemm_m8,gemm_m8,idx,39.155,0.5,0.0,0.0
4096,4096,dense,qt1_kt2,gemm_m8,gemm_m8,score,916.950,11.0,4684.0,0.0
4096,4096,dense,qt1_kt2,gemm_m8,gemm_m8,attn,9833.947,118.0,20964.0,0.0
4096,4096,dense,qt1_kt2,gemm_m8,gemm_m8,out,3384.600,40.6,38069.2,24.2
4096,4096,dense,qt1_kt2,gemm_m8,gemm_m8,layer,27260.571,327.1,,
4096,4096,sparse,qt1_kt2,gemm_m2,gemm_m2,qkv,40712.910,488.6,7186.8,2.3
4096,4096,sparse,qt1_kt2,gemm_m2,gemm_m2,pack,968.151,11.6,0.0,182.0
4096,4096,sparse,qt1_kt2,gemm_m2,gemm_m2,idx,43.029,0.5,0.0,0.0
4096,4096,sparse,qt1_kt2,gemm_m2,gemm_m2,score,900.001,10.8,4772.2,0.0
4096,4096,sparse,qt1_kt2,gemm_m2,gemm_m2,select,1084.989,13.0,0.0,63.8
4096,4096,sparse,qt1_kt2,gemm_m2,gemm_m2,attn,12085.971,145.0,17057.7,0.0
4096,4096,sparse,qt1_kt2,gemm_m2,gemm_m2,out,4582.975,55.0,28114.7,17.8
4096,4096,sparse,qt1_kt2,gemm_m2,gemm_m2,layer,60378.026,724.5,,
4096,4096,sparse,qt1_kt2,gemm_m2,gemm_m4,qkv,40789.913,489.5,7173.2,2.3
4096,4096,sparse,qt1_kt2,gemm_m2,gemm_m4,pack,980.362,11.8,0.0,179.7
4096,4096,sparse,qt1_kt2,gemm_m2,gemm_m4,idx,46.251,0.6,0.0,0.0
4096,4096,sparse,qt1_kt2,gemm_m2,gemm_m4,score,906.434,10.9,4738.3,0.0
4096,4096,sparse,qt1_kt2,gemm_m2,gemm_m4,select,1132.960,13.6,0.0,61.1
4096,4096,sparse,qt1_kt2,gemm_m2,gemm_m4,attn,12114.930,145.4,17016.9,0.0
4096,4096,sparse,qt1_kt2,gemm_m2,gemm_m4,out,3660.094,43.9,35203.7,22.3
4096,4096,sparse,qt1_kt2,gemm_m2,gemm_m4,layer,59630.944,715.6,,
4096,4096,sparse,qt1_kt2,gemm_m2,gemm_m8,qkv,40576.812,486.9,7210.9,2.3
4096,4096,sparse,qt1_kt2,gemm_m2,gemm_m8,pack,958.577,11.5,0.0,183.8
4096,4096,sparse,qt1_kt2,gemm_m2,gemm_m8,idx,43.911,0.5,0.0,0.0
4096,4096,sparse,qt1_kt2,gemm_m2,gemm_m8,score,900.398,10.8,4770.1,0.0
4096,4096,sparse,qt1_kt2,gemm_m2,gemm_m8,select,1123.133,13.5,0.0,61.6
4096,4096,sparse,qt1_kt2,gemm_m2,gemm_m8,attn,12138.831,145.7,16983.4,0.0
4096,4096,sparse,qt1_kt2,gemm_m2,gemm_m8,out,3347.560,40.2,38490.4,24.4
4096,4096,sparse,qt1_kt2,gemm_m2,gemm_m8,layer,59089.222,709.1,,
4096,4096,sparse,qt1_kt2,gemm_m4,gemm_m2,qkv,21016.559,252.2,13922.1,4.4
4096,4096,sparse,qt1_kt2,gemm_m4,gemm_m2,pack,963.907,11.6,0.0,182.8
4096,4096,sparse,qt1_kt2,gemm_m4,gemm_m2,idx,45.306,0.5,0.0,0.0
4096,4096,sparse,qt1_kt2,gemm_m4,gemm_m2,score,900.270,10.8,4770.8,0.0
4096,4096,sparse,qt1_kt2,gemm_m4,gemm_m2,select,1092.379,13.1,0.0,63.4
4096,4096,sparse,qt1_kt2,gemm_m4,gemm_m2,attn,12140.458,145.7,16981.1,0.0
4096,4096,sparse,qt1_kt2,gemm_m4,gemm_m2,out,4612.447,55.3,27935.1,17.7
4096,4096,sparse,qt1_kt2,gemm_m4,gemm_m2,layer,40771.326,489.3,,
4096,4096,sparse,qt1_kt2,gemm_m4,gemm_m4,qkv,21021.829,252.3,13918.6,4.4
4096,4096,sparse,qt1_kt2,gemm_m4,gemm_m4,pack,968.997,11.6,0.0,181.8
4096,4096,sparse,qt1_kt2,gemm_m4,gemm_m4,idx,42.681,0.5,0.0,0.0
4096,4096,sparse,qt1_kt2,gemm_m4,gemm_m4,score,895.008,10.7,4798.8,0.0
4096,4096,sparse,qt1_kt2,gemm_m4,gemm_m4,select,1121.955,13.5,0.0,61.7
4096,4096,sparse,qt1_kt2,gemm_m4,gemm_m4,attn,12092.022,145.1,17049.1,0.0
4096,4096,sparse,qt1_kt2,gemm_m4,gemm_m4,out,3651.401,43.8,35287.6,22.4
4096,4096,sparse,qt1_kt2,gemm_m4,gemm_m4,layer,39793.893,477.5,,
4096,4096,sparse,qt1_kt2,gemm_m4,gemm_m8,qkv,20856.687,250.3,14028.8,4.4
4096,4096,sparse,qt1_kt2,gemm_m4,gemm_m8,pack,962.865,11.6,0.0,183.0
4096,4096,sparse,qt1_kt2,gemm_m4,gemm_m8,idx,46.187,0.6,0.0,0.0
4096,4096,sparse,qt1_kt2,gemm_m4,gemm_m8,score,905.937,10.9,4740.9,0.0
4096,4096,sparse,qt1_kt2,gemm_m4,gemm_m8,select,1124.797,13.5,0.0,61.5
4096,4096,sparse,qt1_kt2,gemm_m4,gemm_m8,attn,12094.259,145.1,17046.0,0.0
4096,4096,sparse,qt1_kt2,gemm_m4,gemm_m8,out,3365.710,40.4,38282.9,24.3
4096,4096,sparse,qt1_kt2,gemm_m4,gemm_m8,layer,39356.442,472.3,,
4096,4096,sparse,qt1_kt2,gemm_m8,gemm_m2,qkv,12150.173,145.8,24081.5,7.6
4096,4096,sparse,qt1_kt2,gemm_m8,gemm_m2,pack,956.012,11.5,0.0,184.3
4096,4096,sparse,qt1_kt2,gemm_m8,gemm_m2,idx,43.795,0.5,0.0,0.0
4096,4096,sparse,qt1_kt2,gemm_m8,gemm_m2,score,905.123,10.9,4745.2,0.0
4096,4096,sparse,qt1_kt2,gemm_m8,gemm_m2,select,1131.585,13.6,0.0,61.2
4096,4096,sparse,qt1_kt2,gemm_m8,gemm_m2,attn,12119.358,145.4,17010.7,0.0
4096,4096,sparse,qt1_kt2,gemm_m8,gemm_m2,out,4566.279,54.8,28217.5,17.9
4096,4096,sparse,qt1_kt2,gemm_m8,gemm_m2,layer,31872.325,382.5,,
4096,4096,sparse,qt1_kt2,gemm_m8,gemm_m4,qkv,12085.895,145.0,24209.6,7.6
4096,4096,sparse,qt1_kt2,gemm_m8,gemm_m4,pack,959.182,11.5,0.0,183.7
4096,4096,sparse,qt1_kt2,gemm_m8,gemm_m4,idx,46.688,0.6,0.0,0.0
4096,4096,sparse,qt1_kt2,gemm_m8,gemm_m4,score,896.771,10.8,4789.4,0.0
4096,4096,sparse,qt1_kt2,gemm_m8,gemm_m4,select,1137.252,13.6,0.0,60.9
4096,4096,sparse,qt1_kt2,gemm_m8,gemm_m4,attn,12120.829,145.4,17008.6,0.0
4096,4096,sparse,qt1_kt2,gemm_m8,gemm_m4,out,3642.268,43.7,35376.0,22.5
4096,4096,sparse,qt1_kt2,gemm_m8,gemm_m4,layer,30888.885,370.7,,
4096,4096,sparse,qt1_kt2,gemm_m8,gemm_m8,qkv,12167.502,146.0,24047.2,7.6
4096,4096,sparse,qt1_kt2,gemm_m8,gemm_m8,pack,955.154,11.5,0.0,184.4
4096,4096,sparse,qt1_kt2,gemm_m8,gemm_m8,idx,43.903,0.5,0.0,0.0
4096,4096,sparse,qt1_kt2,gemm_m8,gemm_m8,score,900.106,10.8,4771.6,0.0
4096,4096,sparse,qt1_kt2,gemm_m8,gemm_m8,select,1138.851,13.7,0.0,60.8
4096,4096,sparse,qt1_kt2,gemm_m8,gemm_m8,attn,12107.861,145.3,17026.8,0.0
4096,4096,sparse,qt1_kt2,gemm_m8,gemm_m8,out,3417.501,41.0,37702.7,23.9
4096,4096,sparse,qt1_kt2,gemm_m8,gemm_m8,layer,30730.878,368.8,,
4096,4096,sparse,qt1_kt4,gemm_m2,gemm_m2,qkv,40735.906,488.8,7182.7,2.3
4096,4096,sparse,qt1_kt4,gemm_m2,gemm_m2,pack,962.476,11.5,0.0,183.0
4096,4096,sparse,qt1_kt4,gemm_m2,gemm_m2,idx,43.715,0.5,0.0,0.0
4096,4096,sparse,qt1_kt4,gemm_m2,gemm_m2,score,907.636,10.9,4732.0,0.0
4096,4096,sparse,qt1_kt4,gemm_m2,gemm_m2,select,1135.713,13.6,0.0,60.9
4096,4096,sparse,qt1_kt4,gemm_m2,gemm_m2,attn,17610.059,211.3,11706.9,0.0
4096,4096,sparse,qt1_kt4,gemm_m2,gemm_m2,out,4654.563,55.9,27682.3,17.6
4096,4096,sparse,qt1_kt4,gemm_m2,gemm_m2,layer,66050.068,792.6,,
4096,4096,sparse,qt1_kt4,gemm_m2,gemm_m4,qkv,40630.734,487.6,7201.3,2.3
4096,4096,sparse,qt1_kt4,gemm_m2,gemm_m4,pack,946.622,11.4,0.0,186.1
4096,4096,sparse,qt1_kt4,gemm_m2,gemm_m4,idx,45.281,0.5,0.0,0.0
4096,4096,sparse,qt1_kt4,gemm_m2,gemm_m4,score,907.279,10.9,4733.9,0.0
4096,4096,sparse,qt1_kt4,gemm_m2,gemm_m4,select,1132.924,13.6,0.0,61.1
4096,4096,sparse,qt1_kt4,gemm_m2,gemm_m4,attn,17665.564,212.0,11670.1,0.0
4096,4096,sparse,qt1_kt4,gemm_m2,gemm_m4,out,3636.962,43.6,35427.7,22.5
4096,4096,sparse,qt1_kt4,gemm_m2,gemm_m4,layer,64965.366,779.6,,
4096,4096,sparse,qt1_kt4,gemm_m2,gemm_m8,qkv,40725.591,488.7,7184.5,2.3
4096,4096,sparse,qt1_kt4,gemm_m2,gemm_m8,pack,967.658,11.6,0.0,182.0
4096,4096,sparse,qt1_kt4,gemm_m2,gemm_m8,idx,43.442,0.5,0.0,0.0
4096,4096,sparse,qt1_kt4,gemm_m2,gemm_m8,score,898.186,10.8,4781.8,0.0
4096,4096,sparse,qt1_kt4,gemm_m2,gemm_m8,select,1056.880,12.7,0.0,65.5
4096,4096,sparse,qt1_kt4,gemm_m2,gemm_m8,attn,17545.833,210.5,11749.7,0.0
4096,4096,sparse,qt1_kt4,gemm_m2,gemm_m8,out,3362.805,40.4,38315.9,24.3
4096,4096,sparse,qt1_kt4,gemm_m2,gemm_m8,layer,64600.395,775.2,,
4096,4096,sparse,qt1_kt4,gemm_m4,gemm_m2,qkv,21035.195,252.4,13909.8,4.4
4096,4096,sparse,qt1_kt4,gemm_m4,gemm_m2,pack,956.076,11.5,0.0,184.3
4096,4096,sparse,qt1_kt4,gemm_m4,gemm_m2,idx,43.530,0.5,0.0,0.0
4096,4096,sparse,qt1_kt4,gemm_m4,gemm_m2,score,906.061,10.9,4740.3,0.0
4096,4096,sparse,qt1_kt4,gemm_m4,gemm_m2,select,1128.732,13.5,0.0,61.3
4096,4096,sparse,qt1_kt4,gemm_m4,gemm_m2,attn,17685.121,212.2,11657.2,0.0
4096,4096,sparse,qt1_kt4,gemm_m4,gemm_m2,out,4677.130,56.1,27548.7,17.5
4096,4096,sparse,qt1_kt4,gemm_m4,gemm_m2,layer,46431.845,557.2,,
4096,4096,sparse,qt1_kt4,gemm_m4,gemm_m4,qkv,20934.660,251.2,13976.6,4.4
4096,4096,sparse,qt1_kt4,gemm_m4,gemm_m4,pack,956.942,11.5,0.0,184.1
4096,4096,sparse,qt1_kt4,gemm_m4,gemm_m4,idx,43.658,0.5,0.0,0.0
4096,4096,sparse,qt1_kt4,gemm_m4,gemm_m4,score,897.869,10.8,4783.5,0.0
4096,4096,sparse,qt1_kt4,gemm_m4,gemm_m4,select,1120.200,13.4,0.0,61.8
4096,4096,sparse,qt1_kt4,gemm_m4,gemm_m4,attn,17710.089,212.5,11640.7,0.0
4096,4096,sparse,qt1_kt4,gemm_m4,gemm_m4,out,3626.510,43.5,35529.8,22.6
4096,4096,sparse,qt1_kt4,gemm_m4,gemm_m4,layer,45289.928,543.5,,
4096,4096,sparse,qt1_kt4,gemm_m4,gemm_m8,qkv,21020.847,252.3,13919.3,4.4
4096,4096,sparse,qt1_kt4,gemm_m4,gemm_m8,pack,955.491,11.5,0.0,184.4
4096,4096,sparse,qt1_kt4,gemm_m4,gemm_m8,idx,44.424,0.5,0.0,0.0
4096,4096,sparse,qt1_kt4,gemm_m4,gemm_m8,score,904.963,10.9,4746.0,0.0
4096,4096,sparse,qt1_kt4,gemm_m4,gemm_m8,select,1153.407,13.8,0.0,60.0
4096,4096,sparse,qt1_kt4,gemm_m4,gemm_m8,attn,17682.008,212.2,11659.2,0.0
4096,4096,sparse,qt1_kt4,gemm_m4,gemm_m8,out,3342.170,40.1,38552.5,24.5
4096,4096,sparse,qt1_kt4,gemm_m4,gemm_m8,layer,45103.310,541.2,,
4096,4096,sparse,qt1_kt4,gemm_m8,gemm_m2,qkv,12123.033,145.5,24135.4,7.6
4096,4096,sparse,qt1_kt4,gemm_m8,gemm_m2,pack,954.762,11.5,0.0,184.5
4096,4096,sparse,qt1_kt4,gemm_m8,gemm_m2,idx,42.945,0.5,0.0,0.0
4096,4096,sparse,qt1_kt4,gemm_m8,gemm_m2,score,896.258,10.8,4792.1,0.0
4096,4096,sparse,qt1_kt4,gemm_m8,gemm_m2,select,1100.466,13.2,0.0,62.9
4096,4096,sparse,qt1_kt4,gemm_m8,gemm_m2,attn,17585.256,211.0,11723.4,0.0
4096,4096,sparse,qt1_kt4,gemm_m8,gemm_m2,out,4643.069,55.7,27750.8,17.6
4096,4096,sparse,qt1_kt4,gemm_m8,gemm_m2,layer,37345.789,448.1,,
4096,4096,sparse,qt1_kt4,gemm_m8,gemm_m4,qkv,12125.089,145.5,24131.3,7.6
4096,4096,sparse,qt1_kt4,gemm_m8,gemm_m4,pack,971.377,11.7,0.0,181.4
4096,4096,sparse,qt1_kt4,gemm_m8,gemm_m4,idx,46.103,0.6,0.0,0.0
4096,4096,sparse,qt1_kt4,gemm_m8,gemm_m4,score,906.778,10.9,4736.5,0.0
4096,4096,sparse,qt1_kt4,gemm_m8,gemm_m4,select,1150.049,13.8,0.0,60.2
4096,4096,sparse,qt1_kt4,gemm_m8,gemm_m4,attn,17565.454,210.8,11736.6,0.0
4096,4096,sparse,qt1_kt4,gemm_m8,gemm_m4,out,3658.791,43.9,35216.3,22.4
4096,4096,sparse,qt1_kt4,gemm_m8,gemm_m4,layer,36423.641,437.1,,
4096,4096,sparse,qt1_kt4,gemm_m8,gemm_m8,qkv,12122.853,145.5,24135.8,7.6
4096,4096,sparse,qt1_kt4,gemm_m8,gemm_m8,pack,956.701,11.5,0.0,184.1
4096,4096,sparse,qt1_kt4,gemm_m8,gemm_m8,idx,43.502,0.5,0.0,0.0
4096,4096,sparse,qt1_kt4,gemm_m8,gemm_m8,score,899.332,10.8,4775.7,0.0
4096,4096,sparse,qt1_kt4,gemm_m8,gemm_m8,select,1061.180,12.7,0.0,65.2
4096,4096,sparse,qt1_kt4,gemm_m8,gemm_m8,attn,17687.550,212.3,11655.6,0.0
4096,4096,sparse,qt1_kt4,gemm_m8,gemm_m8,out,3337.501,40.1,38606.4,24.5
4096,4096,sparse,qt1_kt4,gemm_m8,gemm_m8,layer,36108.619,433.3,,
4096,4096,sparse,qt2_kt4,gemm_m2,gemm_m2,qkv,40688.716,488.3,7191.1,2.3
4096,4096,sparse,qt2_kt4,gemm_m2,gemm_m2,pack,954.986,11.5,0.0,184.5
4096,4096,sparse,qt2_kt4,gemm_m2,gemm_m2,idx,43.590,0.5,0.0,0.0
4096,4096,sparse,qt2_kt4,gemm_m2,gemm_m2,score,896.290,10.8,4791.9,0.0
4096,4096,sparse,qt2_kt4,gemm_m2,gemm_m2,select,1139.420,13.7,0.0,60.7
4096,4096,sparse,qt2_kt4,gemm_m2,gemm_m2,attn,13046.845,156.6,15801.4,0.0
4096,4096,sparse,qt2_kt4,gemm_m2,gemm_m2,out,4763.835,57.2,27047.3,17.2
4096,4096,sparse,qt2_kt4,gemm_m2,gemm_m2,layer,61533.682,738.4,,
4096,4096,sparse,qt2_kt4,gemm_m2,gemm_m4,qkv,40933.874,491.2,7148.0,2.3
4096,4096,sparse,qt2_kt4,gemm_m2,gemm_m4,pack,968.640,11.6,0.0,181.9
4096,4096,sparse,qt2_kt4,gemm_m2,gemm_m4,idx,45.891,0.6,0.0,0.0
4096,4096,sparse,qt2_kt4,gemm_m2,gemm_m4,score,900.663,10.8,4768.7,0.0
4096,4096,sparse,qt2_kt4,gemm_m2,gemm_m4,select,1139.561,13.7,0.0,60.7
4096,4096,sparse,qt2_kt4,gemm_m2,gemm_m4,attn,13001.378,156.0,15856.7,0.0
4096,4096,sparse,qt2_kt4,gemm_m2,gemm_m4,out,3610.279,43.3,35689.5,22.7
4096,4096,sparse,qt2_kt4,gemm_m2,gemm_m4,layer,60600.286,727.2,,
4096,4096,sparse,qt2_kt4,gemm_m2,gemm_m8,qkv,40860.303,490.3,7160.9,2.3
4096,4096,sparse,qt2_kt4,gemm_m2,gemm_m8,pack,955.655,11.5,0.0,184.3
4096,4096,sparse,qt2_kt4,gemm_m2,gemm_m8,idx,43.658,0.5,0.0,0.0
4096,4096,sparse,qt2_kt4,gemm_m2,gemm_m8,score,893.990,10.7,4804.3,0.0
4096,4096,sparse,qt2_kt4,gemm_m2,gemm_m8,select,1124.468,13.5,0.0,61.5
4096,4096,sparse,qt2_kt4,gemm_m2,gemm_m8,attn,13021.873,156.3,15831.7,0.0
4096,4096,sparse,qt2_kt4,gemm_m2,gemm_m8,out,3337.212,40.0,38609.8,24.5
4096,4096,sparse,qt2_kt4,gemm_m2,gemm_m8,layer,60237.159,722.8,,
4096,4096,sparse,qt2_kt4,gemm_m4,gemm_m2,qkv,21306.574,255.7,13732.6,4.3
4096,4096,sparse,qt2_kt4,gemm_m4,gemm_m2,pack,957.767,11.5,0.0,183.9
4096,4096,sparse,qt2_kt4,gemm_m4,gemm_m2,idx,46.071,0.6,0.0,0.0
4096,4096,sparse,qt2_kt4,gemm_m4,gemm_m2,score,892.631,10.7,4811.6,0.0
4096,4096,sparse,qt2_kt4,gemm_m4,gemm_m2,select,1145.300,13.7,0.0,60.4
4096,4096,sparse,qt2_kt4,gemm_m4,gemm_m2,attn,13049.213,156.6,15798.5,0.0
4096,4096,sparse,qt2_kt4,gemm_m4,gemm_m2,out,4606.608,55.3,27970.5,17.8
4096,4096,sparse,qt2_kt4,gemm_m4,gemm_m2,layer,42004.164,504.0,,
4096,4096,sparse,qt2_kt4,gemm_m4,gemm_m4,qkv,20791.327,249.5,14072.9,4.4
4096,4096,sparse,qt2_kt4,gemm_m4,gemm_m4,pack,958.016,11.5,0.0,183.9
4096,4096,sparse,qt2_kt4,gemm_m4,gemm_m4,idx,45.622,0.5,0.0,0.0
4096,4096,sparse,qt2_kt4,gemm_m4,gemm_m4,score,899.092,10.8,4777.0,0.0
4096,4096,sparse,qt2_kt4,gemm_m4,gemm_m4,select,1166.364,14.0,0.0,59.3
4096,4096,sparse,qt2_kt4,gemm_m4,gemm_m4,attn,13054.511,156.7,15792.1,0.0
4096,4096,sparse,qt2_kt4,gemm_m4,gemm_m4,out,3692.736,44.3,34892.6,22.1
4096,4096,sparse,qt2_kt4,gemm_m4,gemm_m4,layer,40607.668,487.3,,
4096,4096,sparse,qt2_kt4,gemm_m4,gemm_m8,qkv,21111.712,253.3,13859.4,4.4
4096,4096,sparse,qt2_kt4,gemm_m4,gemm_m8,pack,973.738,11.7,0.0,180.9
4096,4096,sparse,qt2_kt4,gemm_m4,gemm_m8,idx,43.354,0.5,0.0,0.0
4096,4096,sparse,qt2_kt4,gemm_m4,gemm_m8,score,896.956,10.8,4788.4,0.0
4096,4096,sparse,qt2_kt4,gemm_m4,gemm_m8,select,1133.185,13.6,0.0,61.1
4096,4096,sparse,qt2_kt4,gemm_m4,gemm_m8,attn,13032.257,156.4,15819.1,0.0
4096,4096,sparse,qt2_kt4,gemm_m4,gemm_m8,out,3339.356,40.1,38585.0,24.5
4096,4096,sparse,qt2_kt4,gemm_m4,gemm_m8,layer,40530.558,486.4,,
4096,4096,sparse,qt2_kt4,gemm_m8,gemm_m2,qkv,12123.723,145.5,24134.1,7.6
4096,4096,sparse,qt2_kt4,gemm_m8,gemm_m2,pack,965.730,11.6,0.0,182.4
4096,4096,sparse,qt2_kt4,gemm_m8,gemm_m2,idx,42.773,0.5,0.0,0.0
4096,4096,sparse,qt2_kt4,gemm_m8,gemm_m2,score,897.497,10.8,4785.5,0.0
4096,4096,sparse,qt2_kt4,gemm_m8,gemm_m2,select,1040.380,12.5,0.0,66.5
4096,4096,sparse,qt2_kt4,gemm_m8,gemm_m2,attn,13213.101,158.6,15602.6,0.0
4096,4096,sparse,qt2_kt4,gemm_m8,gemm_m2,out,4593.603,55.1,28049.7,17.8
4096,4096,sparse,qt2_kt4,gemm_m8,gemm_m2,layer,32876.807,394.5,,
4096,4096,sparse,qt2_kt4,gemm_m8,gemm_m4,qkv,12114.942,145.4,24151.6,7.6
4096,4096,sparse,qt2_kt4,gemm_m8,gemm_m4,pack,979.869,11.8,0.0,179.8
4096,4096,sparse,qt2_kt4,gemm_m8,gemm_m4,idx,42.877,0.5,0.0,0.0
4096,4096,sparse,qt2_kt4,gemm_m8,gemm_m4,score,895.236,10.7,4797.6,0.0
4096,4096,sparse,qt2_kt4,gemm_m8,gemm_m4,select,1136.262,13.6,0.0,60.9
4096,4096,sparse,qt2_kt4,gemm_m8,gemm_m4,attn,13026.069,156.3,15826.6,0.0
4096,4096,sparse,qt2_kt4,gemm_m8,gemm_m4,out,3654.740,43.9,35255.3,22.4
4096,4096,sparse,qt2_kt4,gemm_m8,gemm_m4,layer,31849.995,382.2,,
4096,4096,sparse,qt2_kt4,gemm_m8,gemm_m8,qkv,12130.443,145.6,24120.7,7.6
4096,4096,sparse,qt2_kt4,gemm_m8,gemm_m8,pack,971.101,11.7,0.0,181.4
4096,4096,sparse,qt2_kt4,gemm_m8,gemm_m8,idx,42.689,0.5,0.0,0.0
4096,4096,sparse,qt2_kt4,gemm_m8,gemm_m8,score,893.814,10.7,4805.2,0.0
4096,4096,sparse,qt2_kt4,gemm_m8,gemm_m8,select,1102.017,13.2,0.0,62.8
4096,4096,sparse,qt2_kt4,gemm_m8,gemm_m8,attn,13043.578,156.5,15805.4,0.0
4096,4096,sparse,qt2_kt4,gemm_m8,gemm_m8,out,3457.517,41.5,37266.3,23.7
4096,4096,sparse,qt2_kt4,gemm_m8,gemm_m8,layer,31641.159,379.7,,
4096,4096,dense,qt1_kt2,gemm_m2,gemm_m2,qkv,40965.939,491.6,7142.4,2.3
4096,4096,dense,qt1_kt2,gemm_m2,gemm_m2,pack,976.447,11.7,0.0,180.4
4096,4096,dense,qt1_kt2,gemm_m2,gemm_m2,idx,44.199,0.5,0.0,0.0
4096,4096,dense,qt1_kt2,gemm_m2,gemm_m2,score,900.178,10.8,4771.2,0.0
4096,4096,dense,qt1_kt2,gemm_m2,gemm_m2,attn,10148.434,121.8,20314.3,0.0
4096,4096,dense,qt1_kt2,gemm_m2,gemm_m2,out,4787.211,57.4,26915.3,17.1
4096,4096,dense,qt1_kt2,gemm_m2,gemm_m2,layer,57822.408,693.9,,
4096,4096,dense,qt1_kt2,gemm_m2,gemm_m4,qkv,40831.933,490.0,7165.8,2.3
4096,4096,dense,qt1_kt2,gemm_m2,gemm_m4,pack,972.119,11.7,0.0,181.2
4096,4096,dense,qt1_kt2,gemm_m2,gemm_m4,idx,47.057,0.6,0.0,0.0
4096,4096,dense,qt1_kt2,gemm_m2,gemm_m4,score,909.824,10.9,4720.7,0.0
4096,4096,dense,qt1_kt2,gemm_m2,gemm_m4,attn,9988.498,119.9,20639.6,0.0
4096,4096,dense,qt1_kt2,gemm_m2,gemm_m4,out,3669.219,44.0,35116.2,22.3
4096,4096,dense,qt1_kt2,gemm_m2,gemm_m4,layer,56418.650,677.0,,
4096,4096,dense,qt1_kt2,gemm_m2,gemm_m8,qkv,40705.024,488.5,7188.2,2.3
4096,4096,dense,qt1_kt2,gemm_m2,gemm_m8,pack,960.324,11.5,0.0,183.4
4096,4096,dense,qt1_kt2,gemm_m2,gemm_m8,idx,46.488,0.6,0.0,0.0
4096,4096,dense,qt1_kt2,gemm_m2,gemm_m8,score,900.370,10.8,4770.2,0.0
4096,4096,dense,qt1_kt2,gemm_m2,gemm_m8,attn,9928.343,119.1,20764.6,0.0
4096,4096,dense,qt1_kt2,gemm_m2,gemm_m8,out,3439.426,41.3,37462.4,23.8
4096,4096,dense,qt1_kt2,gemm_m2,gemm_m8,layer,55979.975,671.8,,
4096,4096,dense,qt1_kt2,gemm_m4,gemm_m2,qkv,21101.737,253.2,13865.9,4.4
4096,4096,dense,qt1_kt2,gemm_m4,gemm_m2,pack,958.813,11.5,0.0,183.7
4096,4096,dense,qt1_kt2,gemm_m4,gemm_m2,idx,46.400,0.6,0.0,0.0
4096,4096,dense,qt1_kt2,gemm_m4,gemm_m2,score,894.471,10.7,4801.7,0.0
4096,4096,dense,qt1_kt2,gemm_m4,gemm_m2,attn,9889.758,118.7,20845.6,0.0
4096,4096,dense,qt1_kt2,gemm_m4,gemm_m2,out,4775.914,57.3,26978.9,17.1
4096,4096,dense,qt1_kt2,gemm_m4,gemm_m2,layer,37667.093,452.0,,
4096,4096,dense,qt1_kt2,gemm_m4,gemm_m4,qkv,21011.217,252.1,13925.6,4.4
4096,4096,dense,qt1_kt2,gemm_m4,gemm_m4,pack,955.916,11.5,0.0,184.3
4096,4096,dense,qt1_kt2,gemm_m4,gemm_m4,idx,43.867,0.5,0.0,0.0
4096,4096,dense,qt1_kt2,gemm_m4,gemm_m4,score,898.106,10.8,4782.2,0.0
4096,4096,dense,qt1_kt2,gemm_m4,gemm_m4,attn,9947.311,119.4,20725.0,0.0
4096,4096,dense,qt1_kt2,gemm_m4,gemm_m4,out,3686.352,44.2,34953.0,22.2
4096,4096,dense,qt1_kt2,gemm_m4,gemm_m4,layer,36542.769,438.5,,
4096,4096,dense,qt1_kt2,gemm_m4,gemm_m8,qkv,21008.496,252.1,13927.4,4.4
4096,4096,dense,qt1_kt2,gemm_m4,gemm_m8,pack,955.339,11.5,0.0,184.4
4096,4096,dense,qt1_kt2,gemm_m4,gemm_m8,idx,43.398,0.5,0.0,0.0
4096,4096,dense,qt1_kt2,gemm_m4,gemm_m8,score,906.273,10.9,4739.2,0.0
4096,4096,dense,qt1_kt2,gemm_m4,gemm_m8,attn,10163.210,122.0,20284.8,0.0
4096,4096,dense,qt1_kt2,gemm_m4,gemm_m8,out,3395.723,40.7,37944.5,24.1
4096,4096,dense,qt1_kt2,gemm_m4,gemm_m8,layer,36472.439,437.7,,
4096,4096,dense,qt1_kt2,gemm_m8,gemm_m2,qkv,12116.838,145.4,24147.8,7.6
4096,4096,dense,qt1_kt2,gemm_m8,gemm_m2,pack,960.641,11.5,0.0,183.4
4096,4096,dense,qt1_kt2,gemm_m8,gemm_m2,idx,43.470,0.5,0.0,0.0
4096,4096,dense,qt1_kt2,gemm_m8,gemm_m2,score,898.318,10.8,4781.1,0.0
4096,4096,dense,qt1_kt2,gemm_m8,gemm_m2,attn,9922.813,119.1,20776.2,0.0
4096,4096,dense,qt1_kt2,gemm_m8,gemm_m2,out,4708.137,56.5,27367.3,17.4
4096,4096,dense,qt1_kt2,gemm_m8,gemm_m2,layer,28650.217,343.8,,
4096,4096,dense,qt1_kt2,gemm_m8,gemm_m4,qkv,12122.096,145.5,24137.3,7.6
4096,4096,dense,qt1_kt2,gemm_m8,gemm_m4,pack,958.553,11.5,0.0,183.8
4096,4096,dense,qt1_kt2,gemm_m8,gemm_m4,idx,43.747,0.5,0.0,0.0
4096,4096,dense,qt1_kt2,gemm_m8,gemm_m4,score,898.290,10.8,4781.3,0.0
4096,4096,dense,qt1_kt2,gemm_m8,gemm_m4,attn,10004.260,120.1,20607.1,0.0
4096,4096,dense,qt1_kt2,gemm_m8,gemm_m4,out,3702.462,44.4,34800.9,22.1
4096,4096,dense,qt1_kt2,gemm_m8,gemm_m4,layer,27729.408,332.8,,
4096,4096,dense,qt1_kt2,gemm_m8,gemm_m8,qkv,12163.711,146.0,24054.7,7.6
4096,4096,dense,qt1_kt2,gemm_m8,gemm_m8,pack,969.429,11.6,0.0,181.7
4096,4096,dense,qt1_kt2,gemm_m8,gemm_m8,idx,44.063,0.5,0.0,0.0
4096,4096,dense,qt1_kt2,gemm_m8,gemm_m8,score,895.529,10.7,4796.0,0.0
4096,4096,dense,qt1_kt2,gemm_m8,gemm_m8,attn,10034.124,120.4,20545.7,0.0
4096,4096,dense,qt1_kt2,gemm_m8,gemm_m8,out,3427.868,41.1,37588.7,23.9
4096,4096,dense,qt1_kt2,gemm_m8,gemm_m8,layer,27534.724,330.4,,
4096,4096,dense,qt1_kt4,gemm_m2,gemm_m2,qkv,40807.202,489.7,7170.2,2.3
4096,4096,dense,qt1_kt4,gemm_m2,gemm_m2,pack,953.511,11.4,0.0,184.7
4096,4096,dense,qt1_kt4,gemm_m2,gemm_m2,idx,46.111,0.6,0.0,0.0
4096,4096,dense,qt1_kt4,gemm_m2,gemm_m2,score,912.233,10.9,4708.2,0.0
4096,4096,dense,qt1_kt4,gemm_m2,gemm_m2,attn,13829.079,165.9,14907.6,0.0
4096,4096,dense,qt1_kt4,gemm_m2,gemm_m2,out,4792.998,57.5,26882.8,17.1
4096,4096,dense,qt1_kt4,gemm_m2,gemm_m2,layer,61341.134,736.1,,
4096,4096,dense,qt1_kt4,gemm_m2,gemm_m4,qkv,40599.126,487.2,7206.9,2.3
4096,4096,dense,qt1_kt4,gemm_m2,gemm_m4,pack,959.919,11.5,0.0,183.5
4096,4096,dense,qt1_kt4,gemm_m2,gemm_m4,idx,45.486,0.5,0.0,0.0
4096,4096,dense,qt1_kt4,gemm_m2,gemm_m4,score,909.215,10.9,4723.8,0.0
4096,4096,dense,qt1_kt4,gemm_m2,gemm_m4,attn,13988.875,167.9,14737.3,0.0
4096,4096,dense,qt1_kt4,gemm_m2,gemm_m4,out,3722.977,44.7,34609.1,22.0
4096,4096,dense,qt1_kt4,gemm_m2,gemm_m4,layer,60225.598,722.7,,
4096,4096,dense,qt1_kt4,gemm_m2,gemm_m8,qkv,40227.568,482.7,7273.5,2.3
4096,4096,dense,qt1_kt4,gemm_m2,gemm_m8,pack,973.962,11.7,0.0,180.9
4096,4096,dense,qt1_kt4,gemm_m2,gemm_m8,idx,46.123,0.6,0.0,0.0
4096,4096,dense,qt1_kt4,gemm_m2,gemm_m8,score,919.735,11.0,4669.8,0.0
4096,4096,dense,qt1_kt4,gemm_m2,gemm_m8,attn,13923.378,167.1,14806.6,0.0
4096,4096,dense,qt1_kt4,gemm_m2,gemm_m8,out,3399.078,40.8,37907.0,24.1
4096,4096,dense,qt1_kt4,gemm_m2,gemm_m8,layer,59489.844,713.9,,
4096,4096,dense,qt1_kt4,gemm_m4,gemm_m2,qkv,21058.815,252.7,13894.2,4.4
4096,4096,dense,qt1_kt4,gemm_m4,gemm_m2,pack,972.523,11.7,0.0,181.1
4096,4096,dense,qt1_kt4,gemm_m4,gemm_m2,idx,43.779,0.5,0.0,0.0
4096,4096,dense,qt1_kt4,gemm_m4,gemm_m2,score,902.490,10.8,4759.0,0.0
4096,4096,dense,qt1_kt4,gemm_m4,gemm_m2,attn,13939.240,167.3,14789.8,0.0
4096,4096,dense,qt1_kt4,gemm_m4,gemm_m2,out,4738.218,56.9,27193.6,17.3
4096,4096,dense,qt1_kt4,gemm_m4,gemm_m2,layer,41655.065,499.9,,
4096,4096,dense,qt1_kt4,gemm_m4,gemm_m4,qkv,21054.159,252.6,13897.2,4.4
4096,4096,dense,qt1_kt4,gemm_m4,gemm_m4,pack,963.274,11.6,0.0,182.9
4096,4096,dense,qt1_kt4,gemm_m4,gemm_m4,idx,43.706,0.5,0.0,0.0
4096,4096,dense,qt1_kt4,gemm_m4,gemm_m4,score,900.687,10.8,4768.5,0.0
4096,4096,dense,qt1_kt4,gemm_m4,gemm_m4,attn,13841.619,166.1,14894.1,0.0
4096,4096,dense,qt1_kt4,gemm_m4,gemm_m4,out,3665.440,44.0,35152.4,22.3
4096,4096,dense,qt1_kt4,gemm_m4,gemm_m4,layer,40468.885,485.6,,
4096,4096,dense,qt1_kt4,gemm_m4,gemm_m8,qkv,20993.195,251.9,13937.6,4.4
4096,4096,dense,qt1_kt4,gemm_m4,gemm_m8,pack,964.853,11.6,0.0,182.6
4096,4096,dense,qt1_kt4,gemm_m4,gemm_m8,idx,43.827,0.5,0.0,0.0
4096,4096,dense,qt1_kt4,gemm_m4,gemm_m8,score,902.126,10.8,4760.9,0.0
4096,4096,dense,qt1_kt4,gemm_m4,gemm_m8,attn,13786.141,165.4,14954.0,0.0
4096,4096,dense,qt1_kt4,gemm_m4,gemm_m8,out,3391.171,40.7,37995.4,24.1
4096,4096,dense,qt1_kt4,gemm_m4,gemm_m8,layer,40081.313,481.0,,
4096,4096,dense,qt1_kt4,gemm_m8,gemm_m2,qkv,12151.531,145.8,24078.8,7.6
4096,4096,dense,qt1_kt4,gemm_m8,gemm_m2,pack,968.007,11.6,0.0,182.0
4096,4096,dense,qt1_kt4,gemm_m8,gemm_m2,idx,43.466,0.5,0.0,0.0
4096,4096,dense,qt1_kt4,gemm_m8,gemm_m2,score,896.847,10.8,4789.0,0.0
4096,4096,dense,qt1_kt4,gemm_m8,gemm_m2,attn,13802.625,165.6,14936.2,0.0
4096,4096,dense,qt1_kt4,gemm_m8,gemm_m2,out,4659.941,55.9,27650.4,17.6
4096,4096,dense,qt1_kt4,gemm_m8,gemm_m2,layer,32522.417,390.3,,
4096,4096,dense,qt1_kt4,gemm_m8,gemm_m4,qkv,12071.820,144.9,24237.8,7.7
4096,4096,dense,qt1_kt4,gemm_m8,gemm_m4,pack,963.779,11.6,0.0,182.8
4096,4096,dense,qt1_kt4,gemm_m8,gemm_m4,idx,43.049,0.5,0.0,0.0
4096,4096,dense,qt1_kt4,gemm_m8,gemm_m4,score,900.106,10.8,4771.6,0.0
4096,4096,dense,qt1_kt4,gemm_m8,gemm_m4,attn,13793.339,165.5,14946.2,0.0
4096,4096,dense,qt1_kt4,gemm_m8,gemm_m4,out,3731.814,44.8,34527.2,21.9
4096,4096,dense,qt1_kt4,gemm_m8,gemm_m4,layer,31503.907,378.0,,
4096,4096,dense,qt1_kt4,gemm_m8,gemm_m8,qkv,12166.688,146.0,24048.8,7.6
4096,4096,dense,qt1_kt4,gemm_m8,gemm_m8,pack,962.200,11.5,0.0,183.1
4096,4096,dense,qt1_kt4,gemm_m8,gemm_m8,idx,46.259,0.6,0.0,0.0
4096,4096,dense,qt1_kt4,gemm_m8,gemm_m8,score,897.124,10.8,4787.5,0.0
4096,4096,dense,qt1_kt4,gemm_m8,gemm_m8,attn,13921.619,167.1,14808.5,0.0
4096,4096,dense,qt1_kt4,gemm_m8,gemm_m8,out,3380.398,40.6,38116.5,24.2
4096,4096,dense,qt1_kt4,gemm_m8,gemm_m8,layer,31374.288,376.5,,
4096,4096,dense,qt2_kt4,gemm_m2,gemm_m2,qkv,40769.658,489.2,7176.8,2.3
4096,4096,dense,qt2_kt4,gemm_m2,gemm_m2,pack,961.719,11.5,0.0,183.2
4096,4096,dense,qt2_kt4,gemm_m2,gemm_m2,idx,43.410,0.5,0.0,0.0
4096,4096,dense,qt2_kt4,gemm_m2,gemm_m2,score,903.356,10.8,4754.5,0.0
4096,4096,dense,qt2_kt4,gemm_m2,gemm_m2,attn,11462.274,137.5,17985.8,0.0
4096,4096,dense,qt2_kt4,gemm_m2,gemm_m2,out,4969.325,59.6,25928.9,16.5
4096,4096,dense,qt2_kt4,gemm_m2,gemm_m2,layer,59109.742,709.3,,
4096,4096,dense,qt2_kt4,gemm_m2,gemm_m4,qkv,40798.112,489.6,7171.8,2.3
4096,4096,dense,qt2_kt4,gemm_m2,gemm_m4,pack,967.009,11.6,0.0,182.2
4096,4096,dense,qt2_kt4,gemm_m2,gemm_m4,idx,43.735,0.5,0.0,0.0
4096,4096,dense,qt2_kt4,gemm_m2,gemm_m4,score,905.997,10.9,4740.6,0.0
4096,4096,dense,qt2_kt4,gemm_m2,gemm_m4,attn,10885.522,130.6,18938.8,0.0
4096,4096,dense,qt2_kt4,gemm_m2,gemm_m4,out,3633.431,43.6,35462.1,22.5
4096,4096,dense,qt2_kt4,gemm_m2,gemm_m4,layer,57233.806,686.8,,
4096,4096,dense,qt2_kt4,gemm_m2,gemm_m8,qkv,40866.494,490.4,7159.8,2.3
4096,4096,dense,qt2_kt4,gemm_m2,gemm_m8,pack,960.853,11.5,0.0,183.3
4096,4096,dense,qt2_kt4,gemm_m2,gemm_m8,idx,43.422,0.5,0.0,0.0
4096,4096,dense,qt2_kt4,gemm_m2,gemm_m8,score,904.366,10.9,4749.1,0.0
4096,4096,dense,qt2_kt4,gemm_m2,gemm_m8,attn,10907.564,130.9,18900.5,0.0
4096,4096,dense,qt2_kt4,gemm_m2,gemm_m8,out,3393.587,40.7,37968.4,24.1
4096,4096,dense,qt2_kt4,gemm_m2,gemm_m8,layer,57076.286,684.9,,
4096,4096,dense,qt2_kt4,gemm_m4,gemm_m2,qkv,20752.057,249.0,14099.5,4.5
4096,4096,dense,qt2_kt4,gemm_m4,gemm_m2,pack,975.280,11.7,0.0,180.6
4096,4096,dense,qt2_kt4,gemm_m4,gemm_m2,idx,43.662,0.5,0.0,0.0
4096,4096,dense,qt2_kt4,gemm_m4,gemm_m2,score,902.001,10.8,4761.6,0.0
4096,4096,dense,qt2_kt4,gemm_m4,gemm_m2,attn,10904.775,130.9,18905.3,0.0
4096,4096,dense,qt2_kt4,gemm_m4,gemm_m2,out,4630.550,55.6,27825.9,17.7
4096,4096,dense,qt2_kt4,gemm_m4,gemm_m2,layer,38208.325,458.5,,
4096,4096,dense,qt2_kt4,gemm_m4,gemm_m4,qkv,20957.980,251.5,13961.0,4.4
4096,4096,dense,qt2_kt4,gemm_m4,gemm_m4,pack,958.893,11.5,0.0,183.7
4096,4096,dense,qt2_kt4,gemm_m4,gemm_m4,idx,43.410,0.5,0.0,0.0
4096,4096,dense,qt2_kt4,gemm_m4,gemm_m4,score,900.747,10.8,4768.2,0.0
4096,4096,dense,qt2_kt4,gemm_m4,gemm_m4,attn,10950.417,131.4,18826.5,0.0
4096,4096,dense,qt2_kt4,gemm_m4,gemm_m4,out,3681.486,44.2,34999.2,22.2
4096,4096,dense,qt2_kt4,gemm_m4,gemm_m4,layer,37492.933,449.9,,
4096,4096,dense,qt2_kt4,gemm_m4,gemm_m8,qkv,20928.977,251.1,13980.4,4.4
4096,4096,dense,qt2_kt4,gemm_m4,gemm_m8,pack,959.038,11.5,0.0,183.7
4096,4096,dense,qt2_kt4,gemm_m4,gemm_m8,idx,43.835,0.5,0.0,0.0
4096,4096,dense,qt2_kt4,gemm_m4,gemm_m8,score,897.849,10.8,4783.6,0.0
4096,4096,dense,qt2_kt4,gemm_m4,gemm_m8,attn,10989.183,131.9,18760.1,0.0
4096,4096,dense,qt2_kt4,gemm_m4,gemm_m8,out,3464.202,41.6,37194.4,23.6
4096,4096,dense,qt2_kt4,gemm_m4,gemm_m8,layer,37283.084,447.4,,
4096,4096,dense,qt2_kt4,gemm_m8,gemm_m2,qkv,12151.560,145.8,24078.8,7.6
4096,4096,dense,qt2_kt4,gemm_m8,gemm_m2,pack,960.629,11.5,0.0,183.4
4096,4096,dense,qt2_kt4,gemm_m8,gemm_m2,idx,43.815,0.5,0.0,0.0
4096,4096,dense,qt2_kt4,gemm_m8,gemm_m2,score,899.909,10.8,4772.7,0.0
4096,4096,dense,qt2_kt4,gemm_m8,gemm_m2,attn,10919.547,131.0,18879.8,0.0
4096,4096,dense,qt2_kt4,gemm_m8,gemm_m2,out,4650.588,55.8,27706.0,17.6
4096,4096,dense,qt2_kt4,gemm_m8,gemm_m2,layer,29626.048,355.5,,
4096,4096,dense,qt2_kt4,gemm_m8,gemm_m4,qkv,12161.222,145.9,24059.6,7.6
4096,4096,dense,qt2_kt4,gemm_m8,gemm_m4,pack,951.656,11.4,0.0,185.1
4096,4096,dense,qt2_kt4,gemm_m8,gemm_m4,idx,42.965,0.5,0.0,0.0
4096,4096,dense,qt2_kt4,gemm_m8,gemm_m4,score,894.259,10.7,4802.8,0.0
4096,4096,dense,qt2_kt4,gemm_m8,gemm_m4,attn,10946.265,131.4,18833.7,0.0
4096,4096,dense,qt2_kt4,gemm_m8,gemm_m4,out,3662.731,44.0,35178.4,22.3
4096,4096,dense,qt2_kt4,gemm_m8,gemm_m4,layer,28659.098,343.9,,
4096,4096,dense,qt2_kt4,gemm_m8,gemm_m8,qkv,12139.164,145.7,24103.4,7.6
4096,4096,dense,qt2_kt4,gemm_m8,gemm_m8,pack,959.575,11.5,0.0,183.6
4096,4096,dense,qt2_kt4,gemm_m8,gemm_m8,idx,42.693,0.5,0.0,0.0
4096,4096,dense,qt2_kt4,gemm_m8,gemm_m8,score,898.791,10.8,4778.6,0.0
4096,4096,dense,qt2_kt4,gemm_m8,gemm_m8,attn,10989.440,131.9,18759.7,0.0
4096,4096,dense,qt2_kt4,gemm_m8,gemm_m8,out,3400.845,40.8,37887.4,24.0
4096,4096,dense,qt2_kt4,gemm_m8,gemm_m8,layer,28430.508,341.2,,
