tokens,up_kernel,down_kernel,experts_touched,up_tiles,up_rows_exec,down_tiles,down_rows_exec,dispatch,us_per_layer,ms_per_graph,gflops,weight_gbps
512,m1,m1,274,504,8064,504,8064,router,102.306,4.9,13144.9,51.3
512,m1,m1,274,504,8064,504,8064,route,14.972,0.7,0.0,0.0
512,m1,m1,274,504,8064,504,8064,perm.up,18.170,0.9,0.0,0.0
512,m1,m1,274,504,8064,504,8064,perm.down,18.090,0.9,0.0,0.0
512,m1,m1,274,504,8064,504,8064,up,7693.129,369.3,6869.5,65.6
512,m1,m1,274,504,8064,504,8064,down,2761.478,132.6,9568.8,121.9
512,m1,m1,274,504,8064,504,8064,shexp.up,343.067,16.5,9780.7,10.1
512,m1,m1,274,504,8064,504,8064,shexp.down,103.388,5.0,16227.4,16.8
512,m1,m1,274,504,8064,504,8064,combine,455.088,21.8,0.0,138.2
512,m1,m1,274,504,8064,504,8064,block,11509.688,552.5,,
512,m1,m2,274,744,11904,372,11904,router,103.460,5.0,12998.2,50.7
512,m1,m2,274,744,11904,372,11904,route,15.052,0.7,0.0,0.0
512,m1,m2,274,744,11904,372,11904,perm.up,19.068,0.9,0.0,0.0
512,m1,m2,274,744,11904,372,11904,perm.down,18.138,0.9,0.0,0.0
512,m1,m2,274,744,11904,372,11904,up,9642.761,462.9,8090.4,52.4
512,m1,m2,274,744,11904,372,11904,down,2789.668,133.9,13982.7,120.7
512,m1,m2,274,744,11904,372,11904,shexp.up,356.629,17.1,9408.8,9.8
512,m1,m2,274,744,11904,372,11904,shexp.down,66.181,3.2,25350.5,26.3
512,m1,m2,274,744,11904,372,11904,combine,483.182,23.2,0.0,130.2
512,m1,m2,274,744,11904,372,11904,block,13494.139,647.7,,
512,m1,m4,274,1248,19968,312,19968,router,103.564,5.0,12985.2,50.7
512,m1,m4,274,1248,19968,312,19968,route,15.188,0.7,0.0,0.0
512,m1,m4,274,1248,19968,312,19968,perm.up,21.801,1.0,0.0,0.0
512,m1,m4,274,1248,19968,312,19968,perm.down,19.404,0.9,0.0,0.0
512,m1,m4,274,1248,19968,312,19968,up,14509.552,696.5,9019.0,34.8
512,m1,m4,274,1248,19968,312,19968,down,3466.786,166.4,18873.7,97.1
512,m1,m4,274,1248,19968,312,19968,shexp.up,357.511,17.2,9385.6,9.7
512,m1,m4,274,1248,19968,312,19968,shexp.down,58.342,2.8,28756.7,29.8
512,m1,m4,274,1248,19968,312,19968,combine,470.045,22.6,0.0,133.8
512,m1,m4,274,1248,19968,312,19968,block,19022.193,913.1,,
512,m1,w2m1,274,744,11904,372,11904,router,103.941,5.0,12938.1,50.5
512,m1,w2m1,274,744,11904,372,11904,route,15.164,0.7,0.0,0.0
512,m1,w2m1,274,744,11904,372,11904,perm.up,18.883,0.9,0.0,0.0
512,m1,w2m1,274,744,11904,372,11904,perm.down,18.282,0.9,0.0,0.0
512,m1,w2m1,274,744,11904,372,11904,up,9576.194,459.7,8146.7,52.7
512,m1,w2m1,274,744,11904,372,11904,down,2913.375,139.8,13388.9,115.6
512,m1,w2m1,274,744,11904,372,11904,shexp.up,351.147,16.9,9555.7,9.9
512,m1,w2m1,274,744,11904,372,11904,shexp.down,93.978,4.5,17852.3,18.5
512,m1,w2m1,274,744,11904,372,11904,combine,473.443,22.7,0.0,132.9
512,m1,w2m1,274,744,11904,372,11904,block,13564.407,651.1,,
512,m1,w4m1,274,1248,19968,312,19968,router,102.538,4.9,13115.1,51.2
512,m1,w4m1,274,1248,19968,312,19968,route,14.964,0.7,0.0,0.0
512,m1,w4m1,274,1248,19968,312,19968,perm.up,20.478,1.0,0.0,0.0
512,m1,w4m1,274,1248,19968,312,19968,perm.down,19.485,0.9,0.0,0.0
512,m1,w4m1,274,1248,19968,312,19968,up,14454.006,693.8,9053.7,34.9
512,m1,w4m1,274,1248,19968,312,19968,down,3486.384,167.3,18767.6,96.6
512,m1,w4m1,274,1248,19968,312,19968,shexp.up,351.395,16.9,9548.9,9.9
512,m1,w4m1,274,1248,19968,312,19968,shexp.down,82.901,4.0,20237.7,21.0
512,m1,w4m1,274,1248,19968,312,19968,combine,463.127,22.2,0.0,135.8
512,m1,w4m1,274,1248,19968,312,19968,block,18995.278,911.8,,
512,m2,m1,274,372,11904,744,11904,router,102.354,4.9,13138.7,51.3
512,m2,m1,274,372,11904,744,11904,route,15.260,0.7,0.0,0.0
512,m2,m1,274,372,11904,744,11904,perm.up,18.394,0.9,0.0,0.0
512,m2,m1,274,372,11904,744,11904,perm.down,18.923,0.9,0.0,0.0
512,m2,m1,274,372,11904,744,11904,up,7173.670,344.3,10875.1,70.4
512,m2,m1,274,372,11904,744,11904,down,3266.085,156.8,11943.1,103.1
512,m2,m1,274,372,11904,744,11904,shexp.up,218.935,10.5,15326.2,15.9
512,m2,m1,274,372,11904,744,11904,shexp.down,98.835,4.7,16975.0,17.6
512,m2,m1,274,372,11904,744,11904,combine,479.326,23.0,0.0,131.3
512,m2,m1,274,372,11904,744,11904,block,11391.782,546.8,,
512,m2,m2,274,372,11904,372,11904,router,102.154,4.9,13164.4,51.4
512,m2,m2,274,372,11904,372,11904,route,15.012,0.7,0.0,0.0
512,m2,m2,274,372,11904,372,11904,perm.up,18.154,0.9,0.0,0.0
512,m2,m2,274,372,11904,372,11904,perm.down,18.330,0.9,0.0,0.0
512,m2,m2,274,372,11904,372,11904,up,7186.430,344.9,10855.7,70.3
512,m2,m2,274,372,11904,372,11904,down,2778.270,133.4,14040.0,121.2
512,m2,m2,274,372,11904,372,11904,shexp.up,220.290,10.6,15231.9,15.8
512,m2,m2,274,372,11904,372,11904,shexp.down,66.406,3.2,25264.6,26.2
512,m2,m2,274,372,11904,372,11904,combine,469.219,22.5,0.0,134.1
512,m2,m2,274,372,11904,372,11904,block,10874.265,522.0,,
512,m2,m4,274,624,19968,312,19968,router,103.123,4.9,13040.7,50.9
512,m2,m4,274,624,19968,312,19968,route,15.132,0.7,0.0,0.0
512,m2,m4,274,624,19968,312,19968,perm.up,20.102,1.0,0.0,0.0
512,m2,m4,274,624,19968,312,19968,perm.down,19.356,0.9,0.0,0.0
512,m2,m4,274,624,19968,312,19968,up,10528.796,505.4,12429.0,48.0
512,m2,m4,274,624,19968,312,19968,down,3457.457,166.0,18924.6,97.4
512,m2,m4,274,624,19968,312,19968,shexp.up,221.124,10.6,15174.5,15.7
512,m2,m4,274,624,19968,312,19968,shexp.down,58.302,2.8,28776.4,29.9
512,m2,m4,274,624,19968,312,19968,combine,457.228,21.9,0.0,137.6
512,m2,m4,274,624,19968,312,19968,block,14880.620,714.3,,
512,m2,w2m1,274,372,11904,372,11904,router,102.875,4.9,13072.2,51.0
512,m2,w2m1,274,372,11904,372,11904,route,15.164,0.7,0.0,0.0
512,m2,w2m1,274,372,11904,372,11904,perm.up,18.226,0.9,0.0,0.0
512,m2,w2m1,274,372,11904,372,11904,perm.down,18.346,0.9,0.0,0.0
512,m2,w2m1,274,372,11904,372,11904,up,7200.809,345.6,10834.1,70.1
512,m2,w2m1,274,372,11904,372,11904,down,2915.499,139.9,13379.2,115.5
512,m2,w2m1,274,372,11904,372,11904,shexp.up,220.563,10.6,15213.1,15.8
512,m2,w2m1,274,372,11904,372,11904,shexp.down,95.854,4.6,17502.9,18.2
512,m2,w2m1,274,372,11904,372,11904,combine,464.755,22.3,0.0,135.4
512,m2,w2m1,274,372,11904,372,11904,block,11052.091,530.5,,
512,m2,w4m1,274,624,19968,312,19968,router,102.138,4.9,13166.5,51.4
512,m2,w4m1,274,624,19968,312,19968,route,15.132,0.7,0.0,0.0
512,m2,w4m1,274,624,19968,312,19968,perm.up,19.869,1.0,0.0,0.0
512,m2,w4m1,274,624,19968,312,19968,perm.down,19.468,0.9,0.0,0.0
512,m2,w4m1,274,624,19968,312,19968,up,10546.101,506.2,12408.6,47.9
512,m2,w4m1,274,624,19968,312,19968,down,3470.954,166.6,18851.1,97.0
512,m2,w4m1,274,624,19968,312,19968,shexp.up,217.300,10.4,15441.5,16.0
512,m2,w4m1,274,624,19968,312,19968,shexp.down,81.899,3.9,20485.3,21.3
512,m2,w4m1,274,624,19968,312,19968,combine,468.241,22.5,0.0,134.4
512,m2,w4m1,274,624,19968,312,19968,block,14941.102,717.2,,
512,m4,m1,274,312,19968,1248,19968,router,103.717,5.0,12966.0,50.6
512,m4,m1,274,312,19968,1248,19968,route,15.172,0.7,0.0,0.0
512,m4,m1,274,312,19968,1248,19968,perm.up,19.621,0.9,0.0,0.0
512,m4,m1,274,312,19968,1248,19968,perm.down,20.406,1.0,0.0,0.0
512,m4,m1,274,312,19968,1248,19968,up,7954.842,381.8,16450.6,63.5
512,m4,m1,274,312,19968,1248,19968,down,4485.274,215.3,14588.0,75.1
512,m4,m1,274,312,19968,1248,19968,shexp.up,221.885,10.7,15122.4,15.7
512,m4,m1,274,312,19968,1248,19968,shexp.down,102.466,4.9,16373.4,17.0
512,m4,m1,274,312,19968,1248,19968,combine,458.390,22.0,0.0,137.3
512,m4,m1,274,312,19968,1248,19968,block,13381.773,642.3,,
512,m4,m2,274,312,19968,624,19968,router,102.731,4.9,13090.5,51.1
512,m4,m2,274,312,19968,624,19968,route,16.615,0.8,0.0,0.0
512,m4,m2,274,312,19968,624,19968,perm.up,19.765,0.9,0.0,0.0
512,m4,m2,274,312,19968,624,19968,perm.down,19.557,0.9,0.0,0.0
512,m4,m2,274,312,19968,624,19968,up,7966.480,382.4,16426.6,63.4
512,m4,m2,274,312,19968,624,19968,down,3684.376,176.9,17759.1,91.4
512,m4,m2,274,312,19968,624,19968,shexp.up,220.723,10.6,15202.1,15.8
512,m4,m2,274,312,19968,624,19968,shexp.down,68.882,3.3,24356.5,25.3
512,m4,m2,274,312,19968,624,19968,combine,456.042,21.9,0.0,138.0
512,m4,m2,274,312,19968,624,19968,block,12555.171,602.6,,
512,m4,m4,274,312,19968,312,19968,router,102.402,4.9,13132.5,51.2
512,m4,m4,274,312,19968,312,19968,route,15.124,0.7,0.0,0.0
512,m4,m4,274,312,19968,312,19968,perm.up,19.549,0.9,0.0,0.0
512,m4,m4,274,312,19968,312,19968,perm.down,19.637,0.9,0.0,0.0
512,m4,m4,274,312,19968,312,19968,up,7961.567,382.2,16436.7,63.4
512,m4,m4,274,312,19968,312,19968,down,3476.485,166.9,18821.1,96.8
512,m4,m4,274,312,19968,312,19968,shexp.up,221.019,10.6,15181.7,15.8
512,m4,m4,274,312,19968,312,19968,shexp.down,58.519,2.8,28669.7,29.7
512,m4,m4,274,312,19968,312,19968,combine,465.612,22.3,0.0,135.1
512,m4,m4,274,312,19968,312,19968,block,12339.914,592.3,,
512,m4,w2m1,274,312,19968,624,19968,router,102.258,4.9,13151.0,51.3
512,m4,w2m1,274,312,19968,624,19968,route,15.132,0.7,0.0,0.0
512,m4,w2m1,274,312,19968,624,19968,perm.up,19.789,0.9,0.0,0.0
512,m4,w2m1,274,312,19968,624,19968,perm.down,19.869,1.0,0.0,0.0
512,m4,w2m1,274,312,19968,624,19968,up,7966.023,382.4,16427.6,63.4
512,m4,w2m1,274,312,19968,624,19968,down,3960.877,190.1,16519.4,85.0
512,m4,w2m1,274,312,19968,624,19968,shexp.up,223.472,10.7,15015.0,15.6
512,m4,w2m1,274,312,19968,624,19968,shexp.down,96.359,4.6,17411.2,18.1
512,m4,w2m1,274,312,19968,624,19968,combine,461.460,22.2,0.0,136.3
512,m4,w2m1,274,312,19968,624,19968,block,12865.239,617.5,,
512,m4,w4m1,274,312,19968,312,19968,router,103.516,5.0,12991.2,50.7
512,m4,w4m1,274,312,19968,312,19968,route,15.020,0.7,0.0,0.0
512,m4,w4m1,274,312,19968,312,19968,perm.up,19.677,0.9,0.0,0.0
512,m4,w4m1,274,312,19968,312,19968,perm.down,19.517,0.9,0.0,0.0
512,m4,w4m1,274,312,19968,312,19968,up,8003.791,384.2,16350.0,63.1
512,m4,w4m1,274,312,19968,312,19968,down,3466.362,166.4,18876.0,97.1
512,m4,w4m1,274,312,19968,312,19968,shexp.up,219.985,10.6,15253.1,15.8
512,m4,w4m1,274,312,19968,312,19968,shexp.down,83.622,4.0,20063.2,20.8
512,m4,w4m1,274,312,19968,312,19968,combine,466.838,22.4,0.0,134.8
512,m4,w4m1,274,312,19968,312,19968,block,12398.328,595.1,,
512,w2m1,m1,274,372,11904,744,11904,router,106.137,5.1,12670.4,49.4
512,w2m1,m1,274,372,11904,744,11904,route,15.140,0.7,0.0,0.0
512,w2m1,m1,274,372,11904,744,11904,perm.up,18.571,0.9,0.0,0.0
512,w2m1,m1,274,372,11904,744,11904,perm.down,19.060,0.9,0.0,0.0
512,w2m1,m1,274,372,11904,744,11904,up,8626.189,414.1,9043.9,58.5
512,w2m1,m1,274,372,11904,744,11904,down,3264.442,156.7,11949.1,103.1
512,w2m1,m1,274,372,11904,744,11904,shexp.up,307.111,14.7,10925.8,11.3
512,w2m1,m1,274,372,11904,744,11904,shexp.down,104.085,5.0,16118.8,16.7
512,w2m1,m1,274,372,11904,744,11904,combine,458.551,22.0,0.0,137.2
512,w2m1,m1,274,372,11904,744,11904,block,12919.286,620.1,,
512,w2m1,m2,274,372,11904,372,11904,router,102.482,4.9,13122.3,51.2
512,w2m1,m2,274,372,11904,372,11904,route,14.924,0.7,0.0,0.0
512,w2m1,m2,274,372,11904,372,11904,perm.up,18.322,0.9,0.0,0.0
512,w2m1,m2,274,372,11904,372,11904,perm.down,18.410,0.9,0.0,0.0
512,w2m1,m2,274,372,11904,372,11904,up,8629.091,414.2,9040.8,58.5
512,w2m1,m2,274,372,11904,372,11904,down,2797.387,134.3,13944.1,120.4
512,w2m1,m2,274,372,11904,372,11904,shexp.up,302.494,14.5,11092.6,11.5
512,w2m1,m2,274,372,11904,372,11904,shexp.down,69.107,3.3,24277.2,25.2
512,w2m1,m2,274,372,11904,372,11904,combine,462.534,22.2,0.0,136.0
512,w2m1,m2,274,372,11904,372,11904,block,12414.751,595.9,,
512,w2m1,m4,274,624,19968,312,19968,router,102.803,4.9,13081.3,51.0
512,w2m1,m4,274,624,19968,312,19968,route,15.196,0.7,0.0,0.0
512,w2m1,m4,274,624,19968,312,19968,perm.up,19.845,1.0,0.0,0.0
512,w2m1,m4,274,624,19968,312,19968,perm.down,19.597,0.9,0.0,0.0
512,w2m1,m4,274,624,19968,312,19968,up,12422.322,596.3,10534.4,40.7
512,w2m1,m4,274,624,19968,312,19968,down,3461.128,166.1,18904.6,97.3
512,w2m1,m4,274,624,19968,312,19968,shexp.up,297.797,14.3,11267.6,11.7
512,w2m1,m4,274,624,19968,312,19968,shexp.down,59.016,2.8,28428.2,29.5
512,w2m1,m4,274,624,19968,312,19968,combine,460.170,22.1,0.0,136.7
512,w2m1,m4,274,624,19968,312,19968,block,16857.874,809.2,,
512,w2m1,w2m1,274,372,11904,372,11904,router,104.743,5.0,12839.0,50.1
512,w2m1,w2m1,274,372,11904,372,11904,route,15.028,0.7,0.0,0.0
512,w2m1,w2m1,274,372,11904,372,11904,perm.up,18.394,0.9,0.0,0.0
512,w2m1,w2m1,274,372,11904,372,11904,perm.down,18.026,0.9,0.0,0.0
512,w2m1,w2m1,274,372,11904,372,11904,up,8626.606,414.1,9043.4,58.5
512,w2m1,w2m1,274,372,11904,372,11904,down,2901.769,139.3,13442.5,116.0
512,w2m1,w2m1,274,372,11904,372,11904,shexp.up,297.116,14.3,11293.4,11.7
512,w2m1,w2m1,274,372,11904,372,11904,shexp.down,96.062,4.6,17465.0,18.1
512,w2m1,w2m1,274,372,11904,372,11904,combine,448.788,21.5,0.0,140.2
512,w2m1,w2m1,274,372,11904,372,11904,block,12526.532,601.3,,
512,w2m1,w4m1,274,624,19968,312,19968,router,104.494,5.0,12869.6,50.2
512,w2m1,w4m1,274,624,19968,312,19968,route,14.988,0.7,0.0,0.0
512,w2m1,w4m1,274,624,19968,312,19968,perm.up,20.975,1.0,0.0,0.0
512,w2m1,w4m1,274,624,19968,312,19968,perm.down,19.525,0.9,0.0,0.0
512,w2m1,w4m1,274,624,19968,312,19968,up,12404.272,595.4,10549.8,40.7
512,w2m1,w4m1,274,624,19968,312,19968,down,3470.281,166.6,18854.7,97.0
512,w2m1,w4m1,274,624,19968,312,19968,shexp.up,301.035,14.4,11146.4,11.6
512,w2m1,w4m1,274,624,19968,312,19968,shexp.down,83.270,4.0,20148.0,20.9
512,w2m1,w4m1,274,624,19968,312,19968,combine,484.873,23.3,0.0,129.8
512,w2m1,w4m1,274,624,19968,312,19968,block,16903.713,811.4,,
512,w4m1,m1,274,312,19968,1248,19968,router,111.980,5.4,12009.3,46.9
512,w4m1,m1,274,312,19968,1248,19968,route,16.399,0.8,0.0,0.0
512,w4m1,m1,274,312,19968,1248,19968,perm.up,21.368,1.0,0.0,0.0
512,w4m1,m1,274,312,19968,1248,19968,perm.down,22.306,1.1,0.0,0.0
512,w4m1,m1,274,312,19968,1248,19968,up,9040.529,433.9,14475.1,55.9
512,w4m1,m1,274,312,19968,1248,19968,down,4448.925,213.5,14707.2,75.7
512,w4m1,m1,274,312,19968,1248,19968,shexp.up,309.419,14.9,10844.3,11.3
512,w4m1,m1,274,312,19968,1248,19968,shexp.down,101.488,4.9,16531.2,17.2
512,w4m1,m1,274,312,19968,1248,19968,combine,463.047,22.2,0.0,135.9
512,w4m1,m1,274,312,19968,1248,19968,block,14535.461,697.7,,
512,w4m1,m2,274,312,19968,624,19968,router,104.983,5.0,12809.7,50.0
512,w4m1,m2,274,312,19968,624,19968,route,15.381,0.7,0.0,0.0
512,w4m1,m2,274,312,19968,624,19968,perm.up,19.949,1.0,0.0,0.0
512,w4m1,m2,274,312,19968,624,19968,perm.down,20.214,1.0,0.0,0.0
512,w4m1,m2,274,312,19968,624,19968,up,9052.936,434.5,14455.2,55.8
512,w4m1,m2,274,312,19968,624,19968,down,3685.105,176.9,17755.6,91.4
512,w4m1,m2,274,312,19968,624,19968,shexp.up,306.085,14.7,10962.5,11.4
512,w4m1,m2,274,312,19968,624,19968,shexp.down,66.999,3.2,25041.0,26.0
512,w4m1,m2,274,312,19968,624,19968,combine,466.414,22.4,0.0,134.9
512,w4m1,m2,274,312,19968,624,19968,block,13738.066,659.4,,
512,w4m1,m4,274,312,19968,312,19968,router,104.326,5.0,12890.4,50.3
512,w4m1,m4,274,312,19968,312,19968,route,14.988,0.7,0.0,0.0
512,w4m1,m4,274,312,19968,312,19968,perm.up,19.589,0.9,0.0,0.0
512,w4m1,m4,274,312,19968,312,19968,perm.down,19.517,0.9,0.0,0.0
512,w4m1,m4,274,312,19968,312,19968,up,9043.430,434.1,14470.4,55.8
512,w4m1,m4,274,312,19968,312,19968,down,3458.386,166.0,18919.6,97.4
512,w4m1,m4,274,312,19968,312,19968,shexp.up,307.440,14.8,10914.1,11.3
512,w4m1,m4,274,312,19968,312,19968,shexp.down,58.639,2.8,28611.0,29.7
512,w4m1,m4,274,312,19968,312,19968,combine,465.853,22.4,0.0,135.1
512,w4m1,m4,274,312,19968,312,19968,block,13492.168,647.6,,
512,w4m1,w2m1,274,312,19968,624,19968,router,106.466,5.1,12631.3,49.3
512,w4m1,w2m1,274,312,19968,624,19968,route,15.525,0.7,0.0,0.0
512,w4m1,w2m1,274,312,19968,624,19968,perm.up,20.254,1.0,0.0,0.0
512,w4m1,w2m1,274,312,19968,624,19968,perm.down,20.727,1.0,0.0,0.0
512,w4m1,w2m1,274,312,19968,624,19968,up,9027.520,433.3,14495.9,55.9
512,w4m1,w2m1,274,312,19968,624,19968,down,3923.109,188.3,16678.4,85.8
512,w4m1,w2m1,274,312,19968,624,19968,shexp.up,308.241,14.8,10885.8,11.3
512,w4m1,w2m1,274,312,19968,624,19968,shexp.down,93.890,4.5,17869.0,18.5
512,w4m1,w2m1,274,312,19968,624,19968,combine,459.336,22.0,0.0,137.0
512,w4m1,w2m1,274,312,19968,624,19968,block,13975.068,670.8,,
512,w4m1,w4m1,274,312,19968,312,19968,router,104.069,5.0,12922.2,50.4
512,w4m1,w4m1,274,312,19968,312,19968,route,15.220,0.7,0.0,0.0
512,w4m1,w4m1,274,312,19968,312,19968,perm.up,19.685,0.9,0.0,0.0
512,w4m1,w4m1,274,312,19968,312,19968,perm.down,19.933,1.0,0.0,0.0
512,w4m1,w4m1,274,312,19968,312,19968,up,9020.763,433.0,14506.8,56.0
512,w4m1,w4m1,274,312,19968,312,19968,down,3485.390,167.3,18773.0,96.6
512,w4m1,w4m1,274,312,19968,312,19968,shexp.up,307.416,14.8,10915.0,11.3
512,w4m1,w4m1,274,312,19968,312,19968,shexp.down,83.478,4.0,20097.8,20.9
512,w4m1,w4m1,274,312,19968,312,19968,combine,476.513,22.9,0.0,132.0
512,w4m1,w4m1,274,312,19968,312,19968,block,13532.467,649.6,,
2048,m1,m1,399,1519,24304,1519,24304,router,171.525,8.2,31361.0,76.4
2048,m1,m1,399,1519,24304,1519,24304,route,49.397,2.4,0.0,0.0
2048,m1,m1,399,1519,24304,1519,24304,perm.up,63.031,3.0,0.0,0.0
2048,m1,m1,399,1519,24304,1519,24304,perm.down,63.921,3.1,0.0,0.0
2048,m1,m1,399,1519,24304,1519,24304,up,18991.267,911.6,8386.9,38.7
2048,m1,m1,399,1519,24304,1519,24304,down,6047.033,290.3,13170.0,81.1
2048,m1,m1,399,1519,24304,1519,24304,shexp.up,1268.874,60.9,10577.7,2.7
2048,m1,m1,399,1519,24304,1519,24304,shexp.down,411.205,19.7,16320.1,4.2
2048,m1,m1,399,1519,24304,1519,24304,combine,1404.612,67.4,0.0,179.2
2048,m1,m1,399,1519,24304,1519,24304,block,28470.865,1366.6,,
2048,m1,m2,399,1802,28832,901,28832,router,169.321,8.1,31769.2,77.4
2048,m1,m2,399,1802,28832,901,28832,route,49.021,2.4,0.0,0.0
2048,m1,m2,399,1802,28832,901,28832,perm.up,64.410,3.1,0.0,0.0
2048,m1,m2,399,1802,28832,901,28832,perm.down,63.256,3.0,0.0,0.0
2048,m1,m2,399,1802,28832,901,28832,up,21566.384,1035.2,8761.5,34.1
2048,m1,m2,399,1802,28832,901,28832,down,5463.620,262.3,17292.0,89.7
2048,m1,m2,399,1802,28832,901,28832,shexp.up,1280.697,61.5,10480.1,2.7
2048,m1,m2,399,1802,28832,901,28832,shexp.down,269.287,12.9,24920.9,6.5
2048,m1,m2,399,1802,28832,901,28832,combine,1388.229,66.6,0.0,181.3
2048,m1,m2,399,1802,28832,901,28832,block,30314.225,1455.1,,
2048,m1,m4,399,2432,38912,608,38912,router,170.427,8.2,31563.0,76.9
2048,m1,m4,399,2432,38912,608,38912,route,48.973,2.4,0.0,0.0
2048,m1,m4,399,2432,38912,608,38912,perm.up,65.348,3.1,0.0,0.0
2048,m1,m4,399,2432,38912,608,38912,perm.down,68.017,3.3,0.0,0.0
2048,m1,m4,399,2432,38912,608,38912,up,27696.167,1329.4,9207.5,26.6
2048,m1,m4,399,2432,38912,608,38912,down,6180.038,296.6,20632.0,79.3
2048,m1,m4,399,2432,38912,608,38912,shexp.up,1278.292,61.4,10499.8,2.7
2048,m1,m4,399,2432,38912,608,38912,shexp.down,255.172,12.2,26299.5,6.8
2048,m1,m4,399,2432,38912,608,38912,combine,1402.120,67.3,0.0,179.5
2048,m1,m4,399,2432,38912,608,38912,block,37164.554,1783.9,,
2048,m1,w2m1,399,1802,28832,901,28832,router,169.826,8.2,31674.7,77.2
2048,m1,w2m1,399,1802,28832,901,28832,route,49.518,2.4,0.0,0.0
2048,m1,w2m1,399,1802,28832,901,28832,perm.up,64.851,3.1,0.0,0.0
2048,m1,w2m1,399,1802,28832,901,28832,perm.down,61.949,3.0,0.0,0.0
2048,m1,w2m1,399,1802,28832,901,28832,up,21572.339,1035.5,8759.1,34.1
2048,m1,w2m1,399,1802,28832,901,28832,down,5974.070,286.8,15814.5,82.1
2048,m1,w2m1,399,1802,28832,901,28832,shexp.up,1282.308,61.6,10466.9,2.7
2048,m1,w2m1,399,1802,28832,901,28832,shexp.down,376.363,18.1,17830.9,4.6
2048,m1,w2m1,399,1802,28832,901,28832,combine,1392.397,66.8,0.0,180.7
2048,m1,w2m1,399,1802,28832,901,28832,block,30943.621,1485.3,,
2048,m1,w4m1,399,2432,38912,608,38912,router,169.738,8.1,31691.2,77.3
2048,m1,w4m1,399,2432,38912,608,38912,route,49.085,2.4,0.0,0.0
2048,m1,w4m1,399,2432,38912,608,38912,perm.up,67.808,3.3,0.0,0.0
2048,m1,w4m1,399,2432,38912,608,38912,perm.down,64.995,3.1,0.0,0.0
2048,m1,w4m1,399,2432,38912,608,38912,up,27692.391,1329.2,9208.8,26.6
2048,m1,w4m1,399,2432,38912,608,38912,down,6581.857,315.9,19372.5,74.5
2048,m1,w4m1,399,2432,38912,608,38912,shexp.up,1273.339,61.1,10540.6,2.7
2048,m1,w4m1,399,2432,38912,608,38912,shexp.down,323.390,15.5,20751.7,5.4
2048,m1,w4m1,399,2432,38912,608,38912,combine,1391.596,66.8,0.0,180.8
2048,m1,w4m1,399,2432,38912,608,38912,block,37614.199,1805.5,,
2048,m2,m1,399,901,28832,1802,28832,router,169.994,8.2,31643.4,77.1
2048,m2,m1,399,901,28832,1802,28832,route,49.301,2.4,0.0,0.0
2048,m2,m1,399,901,28832,1802,28832,perm.up,64.602,3.1,0.0,0.0
2048,m2,m1,399,901,28832,1802,28832,perm.down,63.632,3.1,0.0,0.0
2048,m2,m1,399,901,28832,1802,28832,up,15688.985,753.1,12043.7,46.9
2048,m2,m1,399,901,28832,1802,28832,down,6643.695,318.9,14220.5,73.8
2048,m2,m1,399,901,28832,1802,28832,shexp.up,953.211,45.8,14080.6,3.7
2048,m2,m1,399,901,28832,1802,28832,shexp.down,420.647,20.2,15953.7,4.1
2048,m2,m1,399,901,28832,1802,28832,combine,1394.946,67.0,0.0,180.4
2048,m2,m1,399,901,28832,1802,28832,block,25449.013,1221.6,,
2048,m2,m2,399,901,28832,901,28832,router,167.341,8.0,32145.1,78.4
2048,m2,m2,399,901,28832,901,28832,route,48.973,2.4,0.0,0.0
2048,m2,m2,399,901,28832,901,28832,perm.up,63.664,3.1,0.0,0.0
2048,m2,m2,399,901,28832,901,28832,perm.down,61.051,2.9,0.0,0.0
2048,m2,m2,399,901,28832,901,28832,up,15786.755,757.8,11969.1,46.6
2048,m2,m2,399,901,28832,901,28832,down,5486.728,263.4,17219.1,89.4
2048,m2,m2,399,901,28832,901,28832,shexp.up,960.256,46.1,13977.3,3.6
2048,m2,m2,399,901,28832,901,28832,shexp.down,278.296,13.4,24114.2,6.3
2048,m2,m2,399,901,28832,901,28832,combine,1403.987,67.4,0.0,179.2
2048,m2,m2,399,901,28832,901,28832,block,24257.051,1164.3,,
2048,m2,m4,399,1216,38912,608,38912,router,170.796,8.2,31494.9,76.8
2048,m2,m4,399,1216,38912,608,38912,route,49.478,2.4,0.0,0.0
2048,m2,m4,399,1216,38912,608,38912,perm.up,66.053,3.2,0.0,0.0
2048,m2,m4,399,1216,38912,608,38912,perm.down,64.137,3.1,0.0,0.0
2048,m2,m4,399,1216,38912,608,38912,up,19968.564,958.5,12770.8,36.8
2048,m2,m4,399,1216,38912,608,38912,down,6178.571,296.6,20636.9,79.4
2048,m2,m4,399,1216,38912,608,38912,shexp.up,948.914,45.5,14144.4,3.7
2048,m2,m4,399,1216,38912,608,38912,shexp.down,251.309,12.1,26703.7,6.9
2048,m2,m4,399,1216,38912,608,38912,combine,1408.251,67.6,0.0,178.7
2048,m2,m4,399,1216,38912,608,38912,block,29106.073,1397.1,,
2048,m2,w2m1,399,901,28832,901,28832,router,171.301,8.2,31402.0,76.5
2048,m2,w2m1,399,901,28832,901,28832,route,49.349,2.4,0.0,0.0
2048,m2,w2m1,399,901,28832,901,28832,perm.up,62.334,3.0,0.0,0.0
2048,m2,w2m1,399,901,28832,901,28832,perm.down,63.544,3.1,0.0,0.0
2048,m2,w2m1,399,901,28832,901,28832,up,15714.946,754.3,12023.8,46.8
2048,m2,w2m1,399,901,28832,901,28832,down,5967.706,286.4,15831.3,82.2
2048,m2,w2m1,399,901,28832,901,28832,shexp.up,933.140,44.8,14383.5,3.7
2048,m2,w2m1,399,901,28832,901,28832,shexp.down,371.417,17.8,18068.3,4.7
2048,m2,w2m1,399,901,28832,901,28832,combine,1395.371,67.0,0.0,180.4
2048,m2,w2m1,399,901,28832,901,28832,block,24729.108,1187.0,,
2048,m2,w4m1,399,1216,38912,608,38912,router,170.499,8.2,31549.7,76.9
2048,m2,w4m1,399,1216,38912,608,38912,route,49.341,2.4,0.0,0.0
2048,m2,w4m1,399,1216,38912,608,38912,perm.up,63.176,3.0,0.0,0.0
2048,m2,w4m1,399,1216,38912,608,38912,perm.down,65.468,3.1,0.0,0.0
2048,m2,w4m1,399,1216,38912,608,38912,up,19985.051,959.3,12760.2,36.8
2048,m2,w4m1,399,1216,38912,608,38912,down,6623.256,317.9,19251.4,74.0
2048,m2,w4m1,399,1216,38912,608,38912,shexp.up,918.465,44.1,14613.3,3.8
2048,m2,w4m1,399,1216,38912,608,38912,shexp.down,320.104,15.4,20964.7,5.4
2048,m2,w4m1,399,1216,38912,608,38912,combine,1438.749,69.1,0.0,174.9
2048,m2,w4m1,399,1216,38912,608,38912,block,29634.109,1422.4,,
2048,m4,m1,399,608,38912,2432,38912,router,173.714,8.3,30965.8,75.5
2048,m4,m1,399,608,38912,2432,38912,route,48.876,2.3,0.0,0.0
2048,m4,m1,399,608,38912,2432,38912,perm.up,63.969,3.1,0.0,0.0
2048,m4,m1,399,608,38912,2432,38912,perm.down,65.813,3.2,0.0,0.0
2048,m4,m1,399,608,38912,2432,38912,up,14834.064,712.0,17191.1,49.6
2048,m4,m1,399,608,38912,2432,38912,down,8239.014,395.5,15476.0,59.5
2048,m4,m1,399,608,38912,2432,38912,shexp.up,660.527,31.7,20319.8,5.3
2048,m4,m1,399,608,38912,2432,38912,shexp.down,422.979,20.3,15865.8,4.1
2048,m4,m1,399,608,38912,2432,38912,combine,1393.359,66.9,0.0,180.6
2048,m4,m1,399,608,38912,2432,38912,block,25902.315,1243.3,,
2048,m4,m2,399,608,38912,1216,38912,router,170.099,8.2,31623.9,77.1
2048,m4,m2,399,608,38912,1216,38912,route,48.844,2.3,0.0,0.0
2048,m4,m2,399,608,38912,1216,38912,perm.up,65.340,3.1,0.0,0.0
2048,m4,m2,399,608,38912,1216,38912,perm.down,65.083,3.1,0.0,0.0
2048,m4,m2,399,608,38912,1216,38912,up,14820.054,711.4,17207.3,49.6
2048,m4,m2,399,608,38912,1216,38912,down,6708.313,322.0,19007.3,73.1
2048,m4,m2,399,608,38912,1216,38912,shexp.up,663.717,31.9,20222.1,5.2
2048,m4,m2,399,608,38912,1216,38912,shexp.down,274.569,13.2,24441.5,6.3
2048,m4,m2,399,608,38912,1216,38912,combine,1420.378,68.2,0.0,177.2
2048,m4,m2,399,608,38912,1216,38912,block,24236.397,1163.3,,
2048,m4,m4,399,608,38912,608,38912,router,168.608,8.1,31903.6,77.8
2048,m4,m4,399,608,38912,608,38912,route,49.245,2.4,0.0,0.0
2048,m4,m4,399,608,38912,608,38912,perm.up,65.348,3.1,0.0,0.0
2048,m4,m4,399,608,38912,608,38912,perm.down,63.841,3.1,0.0,0.0
2048,m4,m4,399,608,38912,608,38912,up,14797.884,710.3,17233.1,49.7
2048,m4,m4,399,608,38912,608,38912,down,6172.800,296.3,20656.2,79.4
2048,m4,m4,399,608,38912,608,38912,shexp.up,667.091,32.0,20119.9,5.2
2048,m4,m4,399,608,38912,608,38912,shexp.down,252.471,12.1,26580.8,6.9
2048,m4,m4,399,608,38912,608,38912,combine,1408.019,67.6,0.0,178.7
2048,m4,m4,399,608,38912,608,38912,block,23645.307,1135.0,,
2048,m4,w2m1,399,608,38912,1216,38912,router,173.794,8.3,30951.6,75.4
2048,m4,w2m1,399,608,38912,1216,38912,route,48.949,2.3,0.0,0.0
2048,m4,w2m1,399,608,38912,1216,38912,perm.up,63.632,3.1,0.0,0.0
2048,m4,w2m1,399,608,38912,1216,38912,perm.down,64.779,3.1,0.0,0.0
2048,m4,w2m1,399,608,38912,1216,38912,up,14834.393,712.1,17190.7,49.6
2048,m4,w2m1,399,608,38912,1216,38912,down,7349.492,352.8,17349.1,66.7
2048,m4,w2m1,399,608,38912,1216,38912,shexp.up,690.167,33.1,19447.1,5.0
2048,m4,w2m1,399,608,38912,1216,38912,shexp.down,380.050,18.2,17657.9,4.6
2048,m4,w2m1,399,608,38912,1216,38912,combine,1396.148,67.0,0.0,180.3
2048,m4,w2m1,399,608,38912,1216,38912,block,25001.404,1200.1,,
2048,m4,w4m1,399,608,38912,608,38912,router,170.003,8.2,31641.8,77.1
2048,m4,w4m1,399,608,38912,608,38912,route,49.365,2.4,0.0,0.0
2048,m4,w4m1,399,608,38912,608,38912,perm.up,69.011,3.3,0.0,0.0
2048,m4,w4m1,399,608,38912,608,38912,perm.down,64.979,3.1,0.0,0.0
2048,m4,w4m1,399,608,38912,608,38912,up,14787.945,709.8,17244.7,49.7
2048,m4,w4m1,399,608,38912,608,38912,down,6606.280,317.1,19300.9,74.2
2048,m4,w4m1,399,608,38912,608,38912,shexp.up,666.778,32.0,20129.3,5.2
2048,m4,w4m1,399,608,38912,608,38912,shexp.down,320.905,15.4,20912.4,5.4
2048,m4,w4m1,399,608,38912,608,38912,combine,1385.793,66.5,0.0,181.6
2048,m4,w4m1,399,608,38912,608,38912,block,24121.059,1157.8,,
2048,w2m1,m1,399,901,28832,1802,28832,router,168.528,8.1,31918.7,77.8
2048,w2m1,m1,399,901,28832,1802,28832,route,49.261,2.4,0.0,0.0
2048,w2m1,m1,399,901,28832,1802,28832,perm.up,63.352,3.0,0.0,0.0
2048,w2m1,m1,399,901,28832,1802,28832,perm.down,65.340,3.1,0.0,0.0
2048,w2m1,m1,399,901,28832,1802,28832,up,20174.115,968.4,9366.1,36.5
2048,w2m1,m1,399,901,28832,1802,28832,down,6713.812,322.3,14072.0,73.0
2048,w2m1,m1,399,901,28832,1802,28832,shexp.up,1196.721,57.4,11215.5,2.9
2048,w2m1,m1,399,901,28832,1802,28832,shexp.down,424.230,20.4,15819.0,4.1
2048,w2m1,m1,399,901,28832,1802,28832,combine,1379.565,66.2,0.0,182.4
2048,w2m1,m1,399,901,28832,1802,28832,block,30234.924,1451.3,,
2048,w2m1,m2,399,901,28832,901,28832,router,170.499,8.2,31549.7,76.9
2048,w2m1,m2,399,901,28832,901,28832,route,49.197,2.4,0.0,0.0
2048,w2m1,m2,399,901,28832,901,28832,perm.up,63.705,3.1,0.0,0.0
2048,w2m1,m2,399,901,28832,901,28832,perm.down,63.528,3.0,0.0,0.0
2048,w2m1,m2,399,901,28832,901,28832,up,20173.225,968.3,9366.5,36.5
2048,w2m1,m2,399,901,28832,901,28832,down,5503.440,264.2,17166.8,89.1
2048,w2m1,m2,399,901,28832,901,28832,shexp.up,1211.854,58.2,11075.4,2.9
2048,w2m1,m2,399,901,28832,901,28832,shexp.down,276.004,13.2,24314.5,6.3
2048,w2m1,m2,399,901,28832,901,28832,combine,1402.448,67.3,0.0,179.4
2048,w2m1,m2,399,901,28832,901,28832,block,28913.900,1387.9,,
2048,w2m1,m4,399,1216,38912,608,38912,router,172.615,8.3,31163.0,76.0
2048,w2m1,m4,399,1216,38912,608,38912,route,48.876,2.3,0.0,0.0
2048,w2m1,m4,399,1216,38912,608,38912,perm.up,63.809,3.1,0.0,0.0
2048,w2m1,m4,399,1216,38912,608,38912,perm.down,64.819,3.1,0.0,0.0
2048,w2m1,m4,399,1216,38912,608,38912,up,25087.843,1204.2,10164.8,29.3
2048,w2m1,m4,399,1216,38912,608,38912,down,6186.041,296.9,20612.0,79.3
2048,w2m1,m4,399,1216,38912,608,38912,shexp.up,1195.864,57.4,11223.5,2.9
2048,w2m1,m4,399,1216,38912,608,38912,shexp.down,254.130,12.2,26407.3,6.9
2048,w2m1,m4,399,1216,38912,608,38912,combine,1418.968,68.1,0.0,177.4
2048,w2m1,m4,399,1216,38912,608,38912,block,34492.965,1655.7,,
2048,w2m1,w2m1,399,901,28832,901,28832,router,170.163,8.2,31612.0,77.1
2048,w2m1,w2m1,399,901,28832,901,28832,route,49.357,2.4,0.0,0.0
2048,w2m1,w2m1,399,901,28832,901,28832,perm.up,63.745,3.1,0.0,0.0
2048,w2m1,w2m1,399,901,28832,901,28832,perm.down,63.248,3.0,0.0,0.0
2048,w2m1,w2m1,399,901,28832,901,28832,up,20148.530,967.1,9378.0,36.5
2048,w2m1,w2m1,399,901,28832,901,28832,down,5990.550,287.5,15771.0,81.8
2048,w2m1,w2m1,399,901,28832,901,28832,shexp.up,1211.333,58.1,11080.2,2.9
2048,w2m1,w2m1,399,901,28832,901,28832,shexp.down,374.343,18.0,17927.1,4.7
2048,w2m1,w2m1,399,901,28832,901,28832,combine,1389.119,66.7,0.0,181.2
2048,w2m1,w2m1,399,901,28832,901,28832,block,29460.388,1414.1,,
2048,w2m1,w4m1,399,1216,38912,608,38912,router,171.461,8.2,31372.7,76.5
2048,w2m1,w4m1,399,1216,38912,608,38912,route,49.213,2.4,0.0,0.0
2048,w2m1,w4m1,399,1216,38912,608,38912,perm.up,65.532,3.1,0.0,0.0
2048,w2m1,w4m1,399,1216,38912,608,38912,perm.down,64.939,3.1,0.0,0.0
2048,w2m1,w4m1,399,1216,38912,608,38912,up,25107.584,1205.2,10156.8,29.3
2048,w2m1,w4m1,399,1216,38912,608,38912,down,6595.788,316.6,19331.6,74.3
2048,w2m1,w4m1,399,1216,38912,608,38912,shexp.up,1204.175,57.8,11146.0,2.9
2048,w2m1,w4m1,399,1216,38912,608,38912,shexp.down,322.340,15.5,20819.3,5.4
2048,w2m1,w4m1,399,1216,38912,608,38912,combine,1370.612,65.8,0.0,183.6
2048,w2m1,w4m1,399,1216,38912,608,38912,block,34951.644,1677.7,,
2048,w4m1,m1,399,608,38912,2432,38912,router,169.898,8.2,31661.3,77.2
2048,w4m1,m1,399,608,38912,2432,38912,route,49.013,2.4,0.0,0.0
2048,w4m1,m1,399,608,38912,2432,38912,perm.up,66.718,3.2,0.0,0.0
2048,w4m1,m1,399,608,38912,2432,38912,perm.down,66.141,3.2,0.0,0.0
2048,w4m1,m1,399,608,38912,2432,38912,up,17457.457,838.0,14607.7,42.1
2048,w4m1,m1,399,608,38912,2432,38912,down,8271.515,397.0,15415.2,59.3
2048,w4m1,m1,399,608,38912,2432,38912,shexp.up,891.301,42.8,15058.6,3.9
2048,w4m1,m1,399,608,38912,2432,38912,shexp.down,419.925,20.2,15981.2,4.1
2048,w4m1,m1,399,608,38912,2432,38912,combine,1386.330,66.5,0.0,181.5
2048,w4m1,m1,399,608,38912,2432,38912,block,28778.298,1381.4,,
2048,w4m1,m2,399,608,38912,1216,38912,router,170.572,8.2,31536.2,76.9
2048,w4m1,m2,399,608,38912,1216,38912,route,48.997,2.4,0.0,0.0
2048,w4m1,m2,399,608,38912,1216,38912,perm.up,65.885,3.2,0.0,0.0
2048,w4m1,m2,399,608,38912,1216,38912,perm.down,64.514,3.1,0.0,0.0
2048,w4m1,m2,399,608,38912,1216,38912,up,17508.658,840.4,14565.0,42.0
2048,w4m1,m2,399,608,38912,1216,38912,down,6709.596,322.1,19003.7,73.1
2048,w4m1,m2,399,608,38912,1216,38912,shexp.up,868.297,41.7,15457.6,4.0
2048,w4m1,m2,399,608,38912,1216,38912,shexp.down,275.683,13.2,24342.8,6.3
2048,w4m1,m2,399,608,38912,1216,38912,combine,1402.232,67.3,0.0,179.5
2048,w4m1,m2,399,608,38912,1216,38912,block,27114.434,1301.5,,
2048,w4m1,m4,399,608,38912,608,38912,router,170.612,8.2,31528.8,76.9
2048,w4m1,m4,399,608,38912,608,38912,route,49.093,2.4,0.0,0.0
2048,w4m1,m4,399,608,38912,608,38912,perm.up,68.738,3.3,0.0,0.0
2048,w4m1,m4,399,608,38912,608,38912,perm.down,65.716,3.2,0.0,0.0
2048,w4m1,m4,399,608,38912,608,38912,up,17497.974,839.9,14573.9,42.0
2048,w4m1,m4,399,608,38912,608,38912,down,6174.267,296.4,20651.3,79.4
2048,w4m1,m4,399,608,38912,608,38912,shexp.up,852.884,40.9,15736.9,4.1
2048,w4m1,m4,399,608,38912,608,38912,shexp.down,254.162,12.2,26404.0,6.8
2048,w4m1,m4,399,608,38912,608,38912,combine,1399.963,67.2,0.0,179.8
2048,w4m1,m4,399,608,38912,608,38912,block,26533.409,1273.6,,
2048,w4m1,w2m1,399,608,38912,1216,38912,router,173.850,8.3,30941.6,75.4
2048,w4m1,w2m1,399,608,38912,1216,38912,route,49.261,2.4,0.0,0.0
2048,w4m1,w2m1,399,608,38912,1216,38912,perm.up,65.115,3.1,0.0,0.0
2048,w4m1,w2m1,399,608,38912,1216,38912,perm.down,65.732,3.2,0.0,0.0
2048,w4m1,w2m1,399,608,38912,1216,38912,up,17465.520,838.3,14601.0,42.1
2048,w4m1,w2m1,399,608,38912,1216,38912,down,7336.098,352.1,17380.7,66.8
2048,w4m1,w2m1,399,608,38912,1216,38912,shexp.up,894.643,42.9,15002.4,3.9
2048,w4m1,w2m1,399,608,38912,1216,38912,shexp.down,377.268,18.1,17788.1,4.6
2048,w4m1,w2m1,399,608,38912,1216,38912,combine,1397.559,67.1,0.0,180.1
2048,w4m1,w2m1,399,608,38912,1216,38912,block,27825.046,1335.6,,
2048,w4m1,w4m1,399,608,38912,608,38912,router,169.722,8.1,31694.2,77.3
2048,w4m1,w4m1,399,608,38912,608,38912,route,49.125,2.4,0.0,0.0
2048,w4m1,w4m1,399,608,38912,608,38912,perm.up,63.047,3.0,0.0,0.0
2048,w4m1,w4m1,399,608,38912,608,38912,perm.down,63.256,3.0,0.0,0.0
2048,w4m1,w4m1,399,608,38912,608,38912,up,17447.205,837.5,14616.3,42.2
2048,w4m1,w4m1,399,608,38912,608,38912,down,6651.501,319.3,19169.6,73.7
2048,w4m1,w4m1,399,608,38912,608,38912,shexp.up,848.588,40.7,15816.6,4.1
2048,w4m1,w4m1,399,608,38912,608,38912,shexp.down,317.579,15.2,21131.4,5.5
2048,w4m1,w4m1,399,608,38912,608,38912,combine,1407.458,67.6,0.0,178.8
2048,w4m1,w4m1,399,608,38912,608,38912,block,27017.481,1296.8,,
