chunk,tokens,nll,ppl,stderr,seconds
1,1023,0.357713,1.4301,0.0550,3.82
2,2046,0.332301,1.3942,0.0356,3.79
3,3069,0.379447,1.4615,0.0329,3.77
4,4092,0.663154,1.9409,0.0501,3.76
5,5115,0.760915,2.1402,0.0533,3.48
6,6138,0.718725,2.0518,0.0450,3.41
7,7161,0.662947,1.9405,0.0375,3.16
8,8184,0.713210,2.0405,0.0376,3.38
9,9207,0.789379,2.2020,0.0399,3.47
10,10230,0.872127,2.3920,0.0430,3.55
11,11253,0.930304,2.5353,0.0443,3.54
12,12276,1.016748,2.7642,0.0482,3.50
13,13299,0.995325,2.7056,0.0449,3.45
14,14322,1.041446,2.8333,0.0460,3.41
15,15345,1.073477,2.9255,0.0463,3.30
16,16368,1.132097,3.1022,0.0488,3.37
17,17391,1.173682,3.2339,0.0500,3.32
18,18414,1.202568,3.3287,0.0505,3.26
19,19437,1.214701,3.3693,0.0500,3.53
20,20460,1.177587,3.2465,0.0465,3.44
21,21483,1.148297,3.1528,0.0436,3.49
22,22506,1.124778,3.0795,0.0412,3.57
23,23529,1.103790,3.0156,0.0391,3.40
24,24552,1.089666,2.9733,0.0375,3.47
25,25575,1.081831,2.9501,0.0363,3.42
26,26598,1.070676,2.9174,0.0350,3.46
27,27621,1.118564,3.0605,0.0369,3.65
28,28644,1.151855,3.1641,0.0381,3.66
29,29667,1.167183,3.2129,0.0383,3.64
30,30690,1.175451,3.2396,0.0380,3.55
31,31713,1.181951,3.2607,0.0377,3.40
32,32736,1.178106,3.2482,0.0369,3.33
33,33759,1.184921,3.2704,0.0366,3.29
34,34782,1.196305,3.3079,0.0366,3.42
35,35805,1.207866,3.3463,0.0366,3.50
36,36828,1.220898,3.3902,0.0368,3.33
37,37851,1.218191,3.3811,0.0361,3.38
38,38874,1.219309,3.3848,0.0356,3.32
39,39897,1.219147,3.3843,0.0351,3.25
40,40920,1.216108,3.3740,0.0344,3.12
41,41943,1.219620,3.3859,0.0341,3.21
42,42966,1.231337,3.4258,0.0343,3.41
43,43989,1.261290,3.5300,0.0354,3.58
44,45012,1.288309,3.6266,0.0364,3.50
45,46035,1.275879,3.5818,0.0354,3.52
46,47058,1.266523,3.5485,0.0346,3.50
47,48081,1.275698,3.5812,0.0346,3.45
48,49104,1.286866,3.6214,0.0348,3.36
49,50127,1.301166,3.6736,0.0350,3.36
50,51150,1.303596,3.6825,0.0347,3.31
51,52173,1.318577,3.7381,0.0351,3.49
52,53196,1.317092,3.7326,0.0347,3.20
53,54219,1.321112,3.7476,0.0345,3.34
54,55242,1.324827,3.7615,0.0343,3.18
55,56265,1.322683,3.7535,0.0338,3.11
56,57288,1.323939,3.7582,0.0335,3.11
57,58311,1.320333,3.7447,0.0330,2.98
58,59334,1.320988,3.7471,0.0327,3.00
59,60357,1.316659,3.7309,0.0323,3.23
60,61380,1.321764,3.7500,0.0322,3.35
61,62403,1.327719,3.7724,0.0322,3.45
62,63426,1.335933,3.8035,0.0323,3.34
63,64449,1.346842,3.8453,0.0325,3.31
64,65472,1.358548,3.8905,0.0328,3.36
65,66495,1.354696,3.8756,0.0324,3.25
66,67518,1.362613,3.9064,0.0325,3.33
67,68541,1.364741,3.9147,0.0323,3.25
68,69564,1.364065,3.9121,0.0320,3.19
69,70587,1.366476,3.9215,0.0318,3.23
70,71610,1.369333,3.9327,0.0317,3.24
71,72633,1.365560,3.9179,0.0314,3.22
72,73656,1.368021,3.9276,0.0313,3.37
73,74679,1.375345,3.9564,0.0314,3.39
74,75702,1.383305,3.9881,0.0315,3.35
75,76725,1.385637,3.9974,0.0313,3.23
76,77748,1.388974,4.0107,0.0312,3.24
77,78771,1.392152,4.0235,0.0311,3.19
78,79794,1.392597,4.0253,0.0309,3.19
79,80817,1.398978,4.0511,0.0310,3.29
80,81840,1.391747,4.0219,0.0305,3.40
81,82863,1.384495,3.9928,0.0300,3.34
82,83886,1.376071,3.9593,0.0295,3.08
83,84909,1.369629,3.9339,0.0291,3.01
84,85932,1.361773,3.9031,0.0286,3.00
85,86955,1.358030,3.8885,0.0283,3.18
86,87978,1.361961,3.9038,0.0283,3.29
87,89001,1.360715,3.8990,0.0280,3.11
88,90024,1.361784,3.9031,0.0279,3.18
89,91047,1.367093,3.9239,0.0279,3.32
90,92070,1.368721,3.9303,0.0278,3.35
91,93093,1.377434,3.9647,0.0280,3.45
92,94116,1.384867,3.9943,0.0281,3.39
93,95139,1.390072,4.0151,0.0282,3.38
94,96162,1.393633,4.0295,0.0281,3.33
95,97185,1.400538,4.0574,0.0282,3.27
96,98208,1.409299,4.0931,0.0285,3.32
97,99231,1.417772,4.1279,0.0286,3.22
98,100254,1.417108,4.1252,0.0285,3.27
99,101277,1.420449,4.1390,0.0284,3.31
100,102300,1.422800,4.1487,0.0284,3.28
101,103323,1.414680,4.1152,0.0280,3.29
102,104346,1.407912,4.0874,0.0276,3.28
103,105369,1.400594,4.0576,0.0272,3.30
104,106392,1.397601,4.0455,0.0270,3.25
105,107415,1.390501,4.0169,0.0266,3.19
106,108438,1.388091,4.0072,0.0264,3.27
107,109461,1.390543,4.0170,0.0264,3.27
108,110484,1.390113,4.0153,0.0262,3.24
109,111507,1.391759,4.0219,0.0261,3.25
110,112530,1.391946,4.0227,0.0260,3.22
111,113553,1.392197,4.0237,0.0259,3.16
112,114576,1.390780,4.0180,0.0257,3.17
113,115599,1.389918,4.0145,0.0256,3.20
114,116622,1.396733,4.0420,0.0258,3.29
115,117645,1.399916,4.0549,0.0258,3.25
116,118668,1.404129,4.0720,0.0258,3.21
117,119691,1.408042,4.0879,0.0258,3.18
118,120714,1.409609,4.0944,0.0258,3.12
119,121737,1.407244,4.0847,0.0256,3.14
120,122760,1.409584,4.0943,0.0256,3.23
121,123783,1.412203,4.1050,0.0255,3.16
122,124806,1.413864,4.1118,0.0255,3.07
123,125829,1.415078,4.1168,0.0254,3.08
124,126852,1.416429,4.1224,0.0254,3.17
125,127875,1.420989,4.1412,0.0255,3.17
126,128898,1.422868,4.1490,0.0254,3.18
127,129921,1.426354,4.1635,0.0255,3.20
128,130944,1.426743,4.1651,0.0254,3.04
129,131967,1.428194,4.1712,0.0253,3.03
130,132990,1.427197,4.1670,0.0252,3.05
131,134013,1.430009,4.1787,0.0252,3.19
132,135036,1.426120,4.1625,0.0250,3.15
133,136059,1.426474,4.1640,0.0249,3.14
134,137082,1.425094,4.1583,0.0248,3.13
135,138105,1.423996,4.1537,0.0246,3.22
136,139128,1.422287,4.1466,0.0245,3.17
137,140151,1.419358,4.1345,0.0243,2.95
138,141174,1.416362,4.1221,0.0241,3.02
139,142197,1.419547,4.1352,0.0241,3.10
140,143220,1.423952,4.1535,0.0242,3.17
141,144243,1.420185,4.1379,0.0240,3.14
142,145266,1.413481,4.1102,0.0237,3.11
143,146289,1.408499,4.0898,0.0235,3.17
144,147312,1.410272,4.0971,0.0234,3.21
145,148335,1.409858,4.0954,0.0233,3.17
