tokens,scan_kernel,operands,regs_per_lane,workgroups,qk_reread,gemm_kernel,out_kernel,dispatch,us_per_layer,us_per_graph,gflops,gbps
1,l8,reg,48,768,16,gemm_m2/k8,gemm_m2/k32,qkv,73.312,2.6,1150.9,1151.0
1,l8,reg,48,768,16,gemm_m2/k8,gemm_m2/k32,qkv.sum,1.392,0.1,0.0,0.0
1,l8,reg,48,768,16,gemm_m2/k8,gemm_m2/k32,conv,1.842,0.1,0.0,44.5
1,l8,reg,48,768,16,gemm_m2/k8,gemm_m2/k32,scan,10.265,0.4,612.9,694.3
1,l8,reg,48,768,16,gemm_m2/k8,gemm_m2/k32,norm,1.148,0.0,0.0,53.5
1,l8,reg,48,768,16,gemm_m2/k8,gemm_m2/k32,out,17.849,0.6,1762.4,1763.1
1,l8,reg,48,768,16,gemm_m2/k8,gemm_m2/k32,out.sum,1.169,0.0,0.0,0.0
1,l8,reg,48,768,16,gemm_m2/k8,gemm_m2/k32,hist,0.844,0.0,0.0,0.0
1,l8,reg,48,768,16,gemm_m2/k8,gemm_m2/k32,layer,107.821,3.9,,
1,l8,reg,48,768,16,gemm_m2/k8,gemm_m4/k32,qkv,47.423,1.7,1779.3,1779.4
1,l8,reg,48,768,16,gemm_m2/k8,gemm_m4/k32,qkv.sum,1.391,0.1,0.0,0.0
1,l8,reg,48,768,16,gemm_m2/k8,gemm_m4/k32,conv,1.839,0.1,0.0,44.5
1,l8,reg,48,768,16,gemm_m2/k8,gemm_m4/k32,scan,10.223,0.4,615.4,697.2
1,l8,reg,48,768,16,gemm_m2/k8,gemm_m4/k32,norm,1.139,0.0,0.0,53.9
1,l8,reg,48,768,16,gemm_m2/k8,gemm_m4/k32,out,17.797,0.6,1767.6,1768.3
1,l8,reg,48,768,16,gemm_m2/k8,gemm_m4/k32,out.sum,1.166,0.0,0.0,0.0
1,l8,reg,48,768,16,gemm_m2/k8,gemm_m4/k32,hist,0.837,0.0,0.0,0.0
1,l8,reg,48,768,16,gemm_m2/k8,gemm_m4/k32,layer,81.815,2.9,,
1,l8,reg,48,768,16,gemm_m2/k8,gemm_m8/k32,qkv,47.456,1.7,1778.0,1778.1
1,l8,reg,48,768,16,gemm_m2/k8,gemm_m8/k32,qkv.sum,1.393,0.1,0.0,0.0
1,l8,reg,48,768,16,gemm_m2/k8,gemm_m8/k32,conv,1.830,0.1,0.0,44.8
1,l8,reg,48,768,16,gemm_m2/k8,gemm_m8/k32,scan,10.242,0.4,614.3,695.9
1,l8,reg,48,768,16,gemm_m2/k8,gemm_m8/k32,norm,1.142,0.0,0.0,53.8
1,l8,reg,48,768,16,gemm_m2/k8,gemm_m8/k32,out,17.778,0.6,1769.4,1770.1
1,l8,reg,48,768,16,gemm_m2/k8,gemm_m8/k32,out.sum,1.167,0.0,0.0,0.0
1,l8,reg,48,768,16,gemm_m2/k8,gemm_m8/k32,hist,0.834,0.0,0.0,0.0
1,l8,reg,48,768,16,gemm_m2/k8,gemm_m8/k32,layer,81.842,2.9,,
1,l8,reg,48,768,16,gemm_m4/k8,gemm_m2/k32,qkv,47.703,1.7,1768.8,1768.9
1,l8,reg,48,768,16,gemm_m4/k8,gemm_m2/k32,qkv.sum,1.258,0.0,0.0,0.0
1,l8,reg,48,768,16,gemm_m4/k8,gemm_m2/k32,conv,1.749,0.1,0.0,46.8
1,l8,reg,48,768,16,gemm_m4/k8,gemm_m2/k32,scan,9.250,0.3,680.2,770.5
1,l8,reg,48,768,16,gemm_m4/k8,gemm_m2/k32,norm,1.138,0.0,0.0,54.0
1,l8,reg,48,768,16,gemm_m4/k8,gemm_m2/k32,out,17.879,0.6,1759.5,1760.1
1,l8,reg,48,768,16,gemm_m4/k8,gemm_m2/k32,out.sum,1.107,0.0,0.0,0.0
1,l8,reg,48,768,16,gemm_m4/k8,gemm_m2/k32,hist,0.923,0.0,0.0,0.0
1,l8,reg,48,768,16,gemm_m4/k8,gemm_m2/k32,layer,81.007,2.9,,
1,l8,reg,48,768,16,gemm_m4/k8,gemm_m4/k32,qkv,47.229,1.7,1786.6,1786.7
1,l8,reg,48,768,16,gemm_m4/k8,gemm_m4/k32,qkv.sum,1.288,0.0,0.0,0.0
1,l8,reg,48,768,16,gemm_m4/k8,gemm_m4/k32,conv,1.792,0.1,0.0,45.7
1,l8,reg,48,768,16,gemm_m4/k8,gemm_m4/k32,scan,9.415,0.3,668.2,757.0
1,l8,reg,48,768,16,gemm_m4/k8,gemm_m4/k32,norm,1.136,0.0,0.0,54.1
1,l8,reg,48,768,16,gemm_m4/k8,gemm_m4/k32,out,18.131,0.7,1735.0,1735.7
1,l8,reg,48,768,16,gemm_m4/k8,gemm_m4/k32,out.sum,1.099,0.0,0.0,0.0
1,l8,reg,48,768,16,gemm_m4/k8,gemm_m4/k32,hist,0.800,0.0,0.0,0.0
1,l8,reg,48,768,16,gemm_m4/k8,gemm_m4/k32,layer,80.890,2.9,,
1,l8,reg,48,768,16,gemm_m4/k8,gemm_m8/k32,qkv,47.816,1.7,1764.6,1764.7
1,l8,reg,48,768,16,gemm_m4/k8,gemm_m8/k32,qkv.sum,1.262,0.0,0.0,0.0
1,l8,reg,48,768,16,gemm_m4/k8,gemm_m8/k32,conv,1.811,0.1,0.0,45.2
1,l8,reg,48,768,16,gemm_m4/k8,gemm_m8/k32,scan,9.481,0.3,663.6,751.7
1,l8,reg,48,768,16,gemm_m4/k8,gemm_m8/k32,norm,1.137,0.0,0.0,54.0
1,l8,reg,48,768,16,gemm_m4/k8,gemm_m8/k32,out,17.943,0.6,1753.2,1753.9
1,l8,reg,48,768,16,gemm_m4/k8,gemm_m8/k32,out.sum,1.102,0.0,0.0,0.0
1,l8,reg,48,768,16,gemm_m4/k8,gemm_m8/k32,hist,0.798,0.0,0.0,0.0
1,l8,reg,48,768,16,gemm_m4/k8,gemm_m8/k32,layer,81.350,2.9,,
1,l8,reg,48,768,16,gemm_m8/k8,gemm_m2/k32,qkv,47.718,1.7,1768.3,1768.4
1,l8,reg,48,768,16,gemm_m8/k8,gemm_m2/k32,qkv.sum,1.234,0.0,0.0,0.0
1,l8,reg,48,768,16,gemm_m8/k8,gemm_m2/k32,conv,2.194,0.1,0.0,37.3
1,l8,reg,48,768,16,gemm_m8/k8,gemm_m2/k32,scan,9.500,0.3,662.3,750.2
1,l8,reg,48,768,16,gemm_m8/k8,gemm_m2/k32,norm,1.131,0.0,0.0,54.3
1,l8,reg,48,768,16,gemm_m8/k8,gemm_m2/k32,out,17.905,0.6,1756.9,1757.6
1,l8,reg,48,768,16,gemm_m8/k8,gemm_m2/k32,out.sum,1.108,0.0,0.0,0.0
1,l8,reg,48,768,16,gemm_m8/k8,gemm_m2/k32,hist,0.797,0.0,0.0,0.0
1,l8,reg,48,768,16,gemm_m8/k8,gemm_m2/k32,layer,81.587,2.9,,
1,l8,reg,48,768,16,gemm_m8/k8,gemm_m4/k32,qkv,47.753,1.7,1767.0,1767.1
1,l8,reg,48,768,16,gemm_m8/k8,gemm_m4/k32,qkv.sum,1.295,0.0,0.0,0.0
1,l8,reg,48,768,16,gemm_m8/k8,gemm_m4/k32,conv,1.799,0.1,0.0,45.5
1,l8,reg,48,768,16,gemm_m8/k8,gemm_m4/k32,scan,9.472,0.3,664.2,752.4
1,l8,reg,48,768,16,gemm_m8/k8,gemm_m4/k32,norm,1.135,0.0,0.0,54.1
1,l8,reg,48,768,16,gemm_m8/k8,gemm_m4/k32,out,18.360,0.7,1713.4,1714.0
1,l8,reg,48,768,16,gemm_m8/k8,gemm_m4/k32,out.sum,1.097,0.0,0.0,0.0
1,l8,reg,48,768,16,gemm_m8/k8,gemm_m4/k32,hist,0.797,0.0,0.0,0.0
1,l8,reg,48,768,16,gemm_m8/k8,gemm_m4/k32,layer,81.708,2.9,,
1,l8,reg,48,768,16,gemm_m8/k8,gemm_m8/k32,qkv,47.578,1.7,1773.5,1773.6
1,l8,reg,48,768,16,gemm_m8/k8,gemm_m8/k32,qkv.sum,1.251,0.0,0.0,0.0
1,l8,reg,48,768,16,gemm_m8/k8,gemm_m8/k32,conv,2.159,0.1,0.0,37.9
1,l8,reg,48,768,16,gemm_m8/k8,gemm_m8/k32,scan,9.470,0.3,664.4,752.6
1,l8,reg,48,768,16,gemm_m8/k8,gemm_m8/k32,norm,1.127,0.0,0.0,54.5
1,l8,reg,48,768,16,gemm_m8/k8,gemm_m8/k32,out,18.060,0.7,1741.8,1742.5
1,l8,reg,48,768,16,gemm_m8/k8,gemm_m8/k32,out.sum,1.117,0.0,0.0,0.0
1,l8,reg,48,768,16,gemm_m8/k8,gemm_m8/k32,hist,0.807,0.0,0.0,0.0
1,l8,reg,48,768,16,gemm_m8/k8,gemm_m8/k32,layer,81.569,2.9,,
1,l8,reg,48,768,16,gemm_m4/gemm,gemm_m2/gemm,qkv,179.956,6.5,468.9,468.9
1,l8,reg,48,768,16,gemm_m4/gemm,gemm_m2/gemm,conv,1.741,0.1,0.0,47.1
1,l8,reg,48,768,16,gemm_m4/gemm,gemm_m2/gemm,scan,9.019,0.3,697.6,790.2
1,l8,reg,48,768,16,gemm_m4/gemm,gemm_m2/gemm,norm,1.098,0.0,0.0,56.0
1,l8,reg,48,768,16,gemm_m4/gemm,gemm_m2/gemm,out,120.620,4.3,260.8,260.9
1,l8,reg,48,768,16,gemm_m4/gemm,gemm_m2/gemm,hist,0.800,0.0,0.0,0.0
1,l8,reg,48,768,16,gemm_m4/gemm,gemm_m2/gemm,layer,313.234,11.3,,
1,l8,reg,48,768,16,gemm_m4/k1,gemm_m2/k32,qkv,52.547,1.9,1605.8,1605.9
1,l8,reg,48,768,16,gemm_m4/k1,gemm_m2/k32,conv,2.165,0.1,0.0,37.8
1,l8,reg,48,768,16,gemm_m4/k1,gemm_m2/k32,scan,9.407,0.3,668.8,757.6
1,l8,reg,48,768,16,gemm_m4/k1,gemm_m2/k32,norm,1.122,0.0,0.0,54.8
1,l8,reg,48,768,16,gemm_m4/k1,gemm_m2/k32,out,17.797,0.6,1767.6,1768.3
1,l8,reg,48,768,16,gemm_m4/k1,gemm_m2/k32,out.sum,1.101,0.0,0.0,0.0
1,l8,reg,48,768,16,gemm_m4/k1,gemm_m2/k32,hist,0.804,0.0,0.0,0.0
1,l8,reg,48,768,16,gemm_m4/k1,gemm_m2/k32,layer,84.943,3.1,,
1,l8,reg,48,768,16,gemm_m4/k2,gemm_m2/k32,qkv,55.290,2.0,1526.1,1526.2
1,l8,reg,48,768,16,gemm_m4/k2,gemm_m2/k32,qkv.sum,0.860,0.0,0.0,0.0
1,l8,reg,48,768,16,gemm_m4/k2,gemm_m2/k32,conv,1.785,0.1,0.0,45.9
1,l8,reg,48,768,16,gemm_m4/k2,gemm_m2/k32,scan,9.448,0.3,665.9,754.3
1,l8,reg,48,768,16,gemm_m4/k2,gemm_m2/k32,norm,1.121,0.0,0.0,54.8
1,l8,reg,48,768,16,gemm_m4/k2,gemm_m2/k32,out,17.865,0.6,1760.8,1761.5
1,l8,reg,48,768,16,gemm_m4/k2,gemm_m2/k32,out.sum,1.097,0.0,0.0,0.0
1,l8,reg,48,768,16,gemm_m4/k2,gemm_m2/k32,hist,0.799,0.0,0.0,0.0
1,l8,reg,48,768,16,gemm_m4/k2,gemm_m2/k32,layer,88.265,3.2,,
1,l8,reg,48,768,16,gemm_m4/k4,gemm_m2/k32,qkv,48.972,1.8,1723.0,1723.1
1,l8,reg,48,768,16,gemm_m4/k4,gemm_m2/k32,qkv.sum,0.997,0.0,0.0,0.0
1,l8,reg,48,768,16,gemm_m4/k4,gemm_m2/k32,conv,1.783,0.1,0.0,45.9
1,l8,reg,48,768,16,gemm_m4/k4,gemm_m2/k32,scan,9.509,0.3,661.6,749.5
1,l8,reg,48,768,16,gemm_m4/k4,gemm_m2/k32,norm,1.134,0.0,0.0,54.2
1,l8,reg,48,768,16,gemm_m4/k4,gemm_m2/k32,out,18.016,0.6,1746.1,1746.8
1,l8,reg,48,768,16,gemm_m4/k4,gemm_m2/k32,out.sum,1.094,0.0,0.0,0.0
1,l8,reg,48,768,16,gemm_m4/k4,gemm_m2/k32,hist,0.798,0.0,0.0,0.0
1,l8,reg,48,768,16,gemm_m4/k4,gemm_m2/k32,layer,82.303,3.0,,
1,l8,reg,48,768,16,gemm_m4/k8,gemm_m2/k32,qkv,47.824,1.7,1764.3,1764.4
1,l8,reg,48,768,16,gemm_m4/k8,gemm_m2/k32,qkv.sum,1.311,0.0,0.0,0.0
1,l8,reg,48,768,16,gemm_m4/k8,gemm_m2/k32,conv,1.810,0.1,0.0,45.3
1,l8,reg,48,768,16,gemm_m4/k8,gemm_m2/k32,scan,9.522,0.3,660.7,748.5
1,l8,reg,48,768,16,gemm_m4/k8,gemm_m2/k32,norm,1.158,0.0,0.0,53.1
1,l8,reg,48,768,16,gemm_m4/k8,gemm_m2/k32,out,18.204,0.7,1728.0,1728.7
1,l8,reg,48,768,16,gemm_m4/k8,gemm_m2/k32,out.sum,1.259,0.0,0.0,0.0
1,l8,reg,48,768,16,gemm_m4/k8,gemm_m2/k32,hist,0.781,0.0,0.0,0.0
1,l8,reg,48,768,16,gemm_m4/k8,gemm_m2/k32,layer,81.869,2.9,,
1,l8,reg,48,768,16,gemm_m4/k20,gemm_m2/k32,qkv,49.875,1.8,1691.8,1691.9
1,l8,reg,48,768,16,gemm_m4/k20,gemm_m2/k32,qkv.sum,2.118,0.1,0.0,0.0
1,l8,reg,48,768,16,gemm_m4/k20,gemm_m2/k32,conv,1.779,0.1,0.0,46.0
1,l8,reg,48,768,16,gemm_m4/k20,gemm_m2/k32,scan,9.457,0.3,665.3,753.6
1,l8,reg,48,768,16,gemm_m4/k20,gemm_m2/k32,norm,1.138,0.0,0.0,54.0
1,l8,reg,48,768,16,gemm_m4/k20,gemm_m2/k32,out,17.955,0.6,1752.0,1752.7
1,l8,reg,48,768,16,gemm_m4/k20,gemm_m2/k32,out.sum,1.100,0.0,0.0,0.0
1,l8,reg,48,768,16,gemm_m4/k20,gemm_m2/k32,hist,0.804,0.0,0.0,0.0
1,l8,reg,48,768,16,gemm_m4/k20,gemm_m2/k32,layer,84.226,3.0,,
1,l8,reg,48,768,16,gemm_m4/k40,gemm_m2/k32,qkv,50.570,1.8,1668.5,1668.6
1,l8,reg,48,768,16,gemm_m4/k40,gemm_m2/k32,qkv.sum,3.603,0.1,0.0,0.0
1,l8,reg,48,768,16,gemm_m4/k40,gemm_m2/k32,conv,1.797,0.1,0.0,45.6
1,l8,reg,48,768,16,gemm_m4/k40,gemm_m2/k32,scan,9.573,0.3,657.2,744.5
1,l8,reg,48,768,16,gemm_m4/k40,gemm_m2/k32,norm,1.157,0.0,0.0,53.1
1,l8,reg,48,768,16,gemm_m4/k40,gemm_m2/k32,out,18.358,0.7,1713.5,1714.2
1,l8,reg,48,768,16,gemm_m4/k40,gemm_m2/k32,out.sum,1.060,0.0,0.0,0.0
1,l8,reg,48,768,16,gemm_m4/k40,gemm_m2/k32,hist,0.779,0.0,0.0,0.0
1,l8,reg,48,768,16,gemm_m4/k40,gemm_m2/k32,layer,86.897,3.1,,
1,l8,reg,48,768,16,gemm_m4/k8,gemm_m2/k1,qkv,47.196,1.7,1787.8,1787.9
1,l8,reg,48,768,16,gemm_m4/k8,gemm_m2/k1,qkv.sum,1.237,0.0,0.0,0.0
1,l8,reg,48,768,16,gemm_m4/k8,gemm_m2/k1,conv,1.758,0.1,0.0,46.6
1,l8,reg,48,768,16,gemm_m4/k8,gemm_m2/k1,scan,9.493,0.3,662.7,750.8
1,l8,reg,48,768,16,gemm_m4/k8,gemm_m2/k1,norm,1.128,0.0,0.0,54.5
1,l8,reg,48,768,16,gemm_m4/k8,gemm_m2/k1,out,38.693,1.4,813.0,813.3
1,l8,reg,48,768,16,gemm_m4/k8,gemm_m2/k1,hist,0.778,0.0,0.0,0.0
1,l8,reg,48,768,16,gemm_m4/k8,gemm_m2/k1,layer,100.283,3.6,,
1,l8,reg,48,768,16,gemm_m4/k8,gemm_m2/k2,qkv,47.742,1.7,1767.4,1767.5
1,l8,reg,48,768,16,gemm_m4/k8,gemm_m2/k2,qkv.sum,1.287,0.0,0.0,0.0
1,l8,reg,48,768,16,gemm_m4/k8,gemm_m2/k2,conv,1.773,0.1,0.0,46.2
1,l8,reg,48,768,16,gemm_m4/k8,gemm_m2/k2,scan,9.710,0.3,647.9,734.0
1,l8,reg,48,768,16,gemm_m4/k8,gemm_m2/k2,norm,1.152,0.0,0.0,53.3
1,l8,reg,48,768,16,gemm_m4/k8,gemm_m2/k2,out,25.556,0.9,1230.9,1231.4
1,l8,reg,48,768,16,gemm_m4/k8,gemm_m2/k2,out.sum,0.685,0.0,0.0,0.0
1,l8,reg,48,768,16,gemm_m4/k8,gemm_m2/k2,hist,0.785,0.0,0.0,0.0
1,l8,reg,48,768,16,gemm_m4/k8,gemm_m2/k2,layer,88.690,3.2,,
1,l8,reg,48,768,16,gemm_m4/k8,gemm_m2/k4,qkv,47.620,1.7,1771.9,1772.0
1,l8,reg,48,768,16,gemm_m4/k8,gemm_m2/k4,qkv.sum,1.242,0.0,0.0,0.0
1,l8,reg,48,768,16,gemm_m4/k8,gemm_m2/k4,conv,1.750,0.1,0.0,46.8
1,l8,reg,48,768,16,gemm_m4/k8,gemm_m2/k4,scan,9.530,0.3,660.2,747.9
1,l8,reg,48,768,16,gemm_m4/k8,gemm_m2/k4,norm,1.131,0.0,0.0,54.3
1,l8,reg,48,768,16,gemm_m4/k8,gemm_m2/k4,out,21.607,0.8,1455.9,1456.5
1,l8,reg,48,768,16,gemm_m4/k8,gemm_m2/k4,out.sum,0.727,0.0,0.0,0.0
1,l8,reg,48,768,16,gemm_m4/k8,gemm_m2/k4,hist,0.801,0.0,0.0,0.0
1,l8,reg,48,768,16,gemm_m4/k8,gemm_m2/k4,layer,84.408,3.0,,
1,l8,reg,48,768,16,gemm_m4/k8,gemm_m2/k8,qkv,47.731,1.7,1767.8,1767.9
1,l8,reg,48,768,16,gemm_m4/k8,gemm_m2/k8,qkv.sum,1.233,0.0,0.0,0.0
1,l8,reg,48,768,16,gemm_m4/k8,gemm_m2/k8,conv,1.732,0.1,0.0,47.3
1,l8,reg,48,768,16,gemm_m4/k8,gemm_m2/k8,scan,9.630,0.3,653.3,740.1
1,l8,reg,48,768,16,gemm_m4/k8,gemm_m2/k8,norm,1.118,0.0,0.0,55.0
1,l8,reg,48,768,16,gemm_m4/k8,gemm_m2/k8,out,20.820,0.7,1510.9,1511.5
1,l8,reg,48,768,16,gemm_m4/k8,gemm_m2/k8,out.sum,0.768,0.0,0.0,0.0
1,l8,reg,48,768,16,gemm_m4/k8,gemm_m2/k8,hist,0.799,0.0,0.0,0.0
1,l8,reg,48,768,16,gemm_m4/k8,gemm_m2/k8,layer,83.831,3.0,,
1,l8,reg,48,768,16,gemm_m4/k8,gemm_m2/k16,qkv,47.485,1.7,1776.9,1777.0
1,l8,reg,48,768,16,gemm_m4/k8,gemm_m2/k16,qkv.sum,1.239,0.0,0.0,0.0
1,l8,reg,48,768,16,gemm_m4/k8,gemm_m2/k16,conv,2.135,0.1,0.0,38.4
1,l8,reg,48,768,16,gemm_m4/k8,gemm_m2/k16,scan,9.409,0.3,668.7,757.5
1,l8,reg,48,768,16,gemm_m4/k8,gemm_m2/k16,norm,1.120,0.0,0.0,54.9
1,l8,reg,48,768,16,gemm_m4/k8,gemm_m2/k16,out,17.695,0.6,1777.7,1778.4
1,l8,reg,48,768,16,gemm_m4/k8,gemm_m2/k16,out.sum,0.866,0.0,0.0,0.0
1,l8,reg,48,768,16,gemm_m4/k8,gemm_m2/k16,hist,0.803,0.0,0.0,0.0
1,l8,reg,48,768,16,gemm_m4/k8,gemm_m2/k16,layer,80.752,2.9,,
1,l8,reg,48,768,16,gemm_m4/k8,gemm_m2/k32,qkv,47.732,1.7,1767.7,1767.8
1,l8,reg,48,768,16,gemm_m4/k8,gemm_m2/k32,qkv.sum,1.245,0.0,0.0,0.0
1,l8,reg,48,768,16,gemm_m4/k8,gemm_m2/k32,conv,2.177,0.1,0.0,37.6
1,l8,reg,48,768,16,gemm_m4/k8,gemm_m2/k32,scan,9.596,0.3,655.6,742.7
1,l8,reg,48,768,16,gemm_m4/k8,gemm_m2/k32,norm,1.122,0.0,0.0,54.8
1,l8,reg,48,768,16,gemm_m4/k8,gemm_m2/k32,out,17.966,0.6,1750.9,1751.6
1,l8,reg,48,768,16,gemm_m4/k8,gemm_m2/k32,out.sum,1.107,0.0,0.0,0.0
1,l8,reg,48,768,16,gemm_m4/k8,gemm_m2/k32,hist,0.805,0.0,0.0,0.0
1,l8,reg,48,768,16,gemm_m4/k8,gemm_m2/k32,layer,81.750,2.9,,
