tokens,up_kernel,down_kernel,shexp_kernels,experts_touched,up_tiles,up_rows_exec,down_tiles,down_rows_exec,dispatch,us_per_layer,ms_per_graph,gflops,weight_gbps
1,m1,m1/k40,v64w4/v32w4,10,10,160,10,160,router,14.334,0.7,183.2,183.6
1,m1,m1/k40,v64w4/v32w4,10,10,160,10,160,router.sum,0.896,0.0,0.0,0.0
1,m1,m1/k40,v64w4/v32w4,10,10,160,10,160,route,5.377,0.3,0.0,0.0
1,m1,m1/k40,v64w4/v32w4,10,10,160,10,160,perm.up,2.416,0.1,0.0,0.0
1,m1,m1/k40,v64w4/v32w4,10,10,160,10,160,up,272.159,13.1,3852.8,67.7
1,m1,m1/k40,v64w4/v32w4,10,10,160,10,160,down,104.966,5.0,4994.8,117.1
1,m1,m1/k40,v64w4/v32w4,10,10,160,10,160,shexp.up,15.591,0.7,420.3,118.2
1,m1,m1/k40,v64w4/v32w4,10,10,160,10,160,shexp.down,9.675,0.5,338.7,127.0
1,m1,m1/k40,v64w4/v32w4,10,10,160,10,160,combine,2.930,0.1,0.0,41.9
1,m1,m1/k40,v64w4/v32w4,10,10,160,10,160,block,428.344,20.6,,
1,m1,m2/k40,v64w4/v32w4,10,20,320,10,320,router,14.552,0.7,180.5,180.8
1,m1,m2/k40,v64w4/v32w4,10,20,320,10,320,router.sum,0.923,0.0,0.0,0.0
1,m1,m2/k40,v64w4/v32w4,10,20,320,10,320,route,5.377,0.3,0.0,0.0
1,m1,m2/k40,v64w4/v32w4,10,20,320,10,320,perm.up,2.541,0.1,0.0,0.0
1,m1,m2/k40,v64w4/v32w4,10,20,320,10,320,perm.down,2.444,0.1,0.0,0.0
1,m1,m2/k40,v64w4/v32w4,10,20,320,10,320,up,290.313,13.9,7223.8,63.5
1,m1,m2/k40,v64w4/v32w4,10,20,320,10,320,down,91.951,4.4,11403.6,133.6
1,m1,m2/k40,v64w4/v32w4,10,20,320,10,320,shexp.up,18.159,0.9,360.9,101.5
1,m1,m2/k40,v64w4/v32w4,10,20,320,10,320,shexp.down,11.982,0.6,273.5,102.6
1,m1,m2/k40,v64w4/v32w4,10,20,320,10,320,combine,2.837,0.1,0.0,43.3
1,m1,m2/k40,v64w4/v32w4,10,20,320,10,320,block,441.079,21.2,,
1,m1,m4/k40,v64w4/v32w4,10,40,640,10,640,router,16.275,0.8,161.4,161.7
1,m1,m4/k40,v64w4/v32w4,10,40,640,10,640,router.sum,1.061,0.1,0.0,0.0
1,m1,m4/k40,v64w4/v32w4,10,40,640,10,640,route,5.392,0.3,0.0,0.0
1,m1,m4/k40,v64w4/v32w4,10,40,640,10,640,perm.up,2.682,0.1,0.0,0.0
1,m1,m4/k40,v64w4/v32w4,10,40,640,10,640,perm.down,2.471,0.1,0.0,0.0
1,m1,m4/k40,v64w4/v32w4,10,40,640,10,640,up,472.347,22.7,8879.7,39.0
1,m1,m4/k40,v64w4/v32w4,10,40,640,10,640,down,108.503,5.2,19328.1,113.3
1,m1,m4/k40,v64w4/v32w4,10,40,640,10,640,shexp.up,34.918,1.7,187.7,52.8
1,m1,m4/k40,v64w4/v32w4,10,40,640,10,640,shexp.down,18.061,0.9,181.4,68.0
1,m1,m4/k40,v64w4/v32w4,10,40,640,10,640,combine,2.962,0.1,0.0,41.5
1,m1,m4/k40,v64w4/v32w4,10,40,640,10,640,block,664.672,31.9,,
1,m1,w2m1/k40,v64w4/v32w4,10,20,320,10,320,router,14.840,0.7,177.0,177.3
1,m1,w2m1/k40,v64w4/v32w4,10,20,320,10,320,router.sum,0.893,0.0,0.0,0.0
1,m1,w2m1/k40,v64w4/v32w4,10,20,320,10,320,route,5.347,0.3,0.0,0.0
1,m1,w2m1/k40,v64w4/v32w4,10,20,320,10,320,perm.up,2.529,0.1,0.0,0.0
1,m1,w2m1/k40,v64w4/v32w4,10,20,320,10,320,perm.down,2.416,0.1,0.0,0.0
1,m1,w2m1/k40,v64w4/v32w4,10,20,320,10,320,up,282.090,13.5,7434.3,65.3
1,m1,w2m1/k40,v64w4/v32w4,10,20,320,10,320,down,103.799,5.0,10102.0,118.4
1,m1,w2m1/k40,v64w4/v32w4,10,20,320,10,320,shexp.up,17.835,0.9,367.5,103.3
1,m1,w2m1/k40,v64w4/v32w4,10,20,320,10,320,shexp.down,11.954,0.6,274.1,102.8
1,m1,w2m1/k40,v64w4/v32w4,10,20,320,10,320,combine,2.805,0.1,0.0,43.8
1,m1,w2m1/k40,v64w4/v32w4,10,20,320,10,320,block,444.508,21.3,,
1,m1,w4m1/k40,v64w4/v32w4,10,40,640,10,640,router,15.529,0.7,169.1,169.5
1,m1,w4m1/k40,v64w4/v32w4,10,40,640,10,640,router.sum,0.903,0.0,0.0,0.0
1,m1,w4m1/k40,v64w4/v32w4,10,40,640,10,640,route,5.349,0.3,0.0,0.0
1,m1,w4m1/k40,v64w4/v32w4,10,40,640,10,640,perm.up,2.772,0.1,0.0,0.0
1,m1,w4m1/k40,v64w4/v32w4,10,40,640,10,640,perm.down,2.481,0.1,0.0,0.0
1,m1,w4m1/k40,v64w4/v32w4,10,40,640,10,640,up,465.466,22.3,9011.0,39.6
1,m1,w4m1/k40,v64w4/v32w4,10,40,640,10,640,down,122.271,5.9,17151.7,100.5
1,m1,w4m1/k40,v64w4/v32w4,10,40,640,10,640,shexp.up,34.527,1.7,189.8,53.4
1,m1,w4m1/k40,v64w4/v32w4,10,40,640,10,640,shexp.down,18.387,0.9,178.2,66.8
1,m1,w4m1/k40,v64w4/v32w4,10,40,640,10,640,combine,2.840,0.1,0.0,43.3
1,m1,w4m1/k40,v64w4/v32w4,10,40,640,10,640,block,670.525,32.2,,
1,m2,m1/k40,v64w4/v32w4,10,10,320,20,320,router,14.429,0.7,182.0,182.4
1,m2,m1/k40,v64w4/v32w4,10,10,320,20,320,router.sum,0.896,0.0,0.0,0.0
1,m2,m1/k40,v64w4/v32w4,10,10,320,20,320,route,5.400,0.3,0.0,0.0
1,m2,m1/k40,v64w4/v32w4,10,10,320,20,320,perm.up,2.509,0.1,0.0,0.0
1,m2,m1/k40,v64w4/v32w4,10,10,320,20,320,perm.down,2.496,0.1,0.0,0.0
1,m2,m1/k40,v64w4/v32w4,10,10,320,20,320,up,297.557,14.3,7047.9,61.9
1,m2,m1/k40,v64w4/v32w4,10,10,320,20,320,down,91.844,4.4,11416.9,133.8
1,m2,m1/k40,v64w4/v32w4,10,10,320,20,320,shexp.up,17.876,0.9,366.6,103.1
1,m2,m1/k40,v64w4/v32w4,10,10,320,20,320,shexp.down,12.074,0.6,271.4,101.8
1,m2,m1/k40,v64w4/v32w4,10,10,320,20,320,combine,2.805,0.1,0.0,43.8
1,m2,m1/k40,v64w4/v32w4,10,10,320,20,320,block,447.886,21.5,,
1,m2,m2/k40,v64w4/v32w4,10,10,320,10,320,router,14.416,0.7,182.2,182.6
1,m2,m2/k40,v64w4/v32w4,10,10,320,10,320,router.sum,0.881,0.0,0.0,0.0
1,m2,m2/k40,v64w4/v32w4,10,10,320,10,320,route,5.344,0.3,0.0,0.0
1,m2,m2/k40,v64w4/v32w4,10,10,320,10,320,perm.up,2.464,0.1,0.0,0.0
1,m2,m2/k40,v64w4/v32w4,10,10,320,10,320,up,291.616,14.0,7191.5,63.2
1,m2,m2/k40,v64w4/v32w4,10,10,320,10,320,down,90.977,4.4,11525.7,135.1
1,m2,m2/k40,v64w4/v32w4,10,10,320,10,320,shexp.up,17.665,0.8,371.0,104.3
1,m2,m2/k40,v64w4/v32w4,10,10,320,10,320,shexp.down,12.039,0.6,272.2,102.1
1,m2,m2/k40,v64w4/v32w4,10,10,320,10,320,combine,2.790,0.1,0.0,44.0
1,m2,m2/k40,v64w4/v32w4,10,10,320,10,320,block,438.192,21.0,,
1,m2,m4/k40,v64w4/v32w4,10,20,640,10,640,router,15.526,0.7,169.2,169.5
1,m2,m4/k40,v64w4/v32w4,10,20,640,10,640,router.sum,0.868,0.0,0.0,0.0
1,m2,m4/k40,v64w4/v32w4,10,20,640,10,640,route,5.357,0.3,0.0,0.0
1,m2,m4/k40,v64w4/v32w4,10,20,640,10,640,perm.up,2.551,0.1,0.0,0.0
1,m2,m4/k40,v64w4/v32w4,10,20,640,10,640,perm.down,2.474,0.1,0.0,0.0
1,m2,m4/k40,v64w4/v32w4,10,20,640,10,640,up,492.132,23.6,8522.7,37.5
1,m2,m4/k40,v64w4/v32w4,10,20,640,10,640,down,109.036,5.2,19233.6,112.7
1,m2,m4/k40,v64w4/v32w4,10,20,640,10,640,shexp.up,34.492,1.7,190.0,53.4
1,m2,m4/k40,v64w4/v32w4,10,20,640,10,640,shexp.down,18.063,0.9,181.4,68.0
1,m2,m4/k40,v64w4/v32w4,10,20,640,10,640,combine,2.857,0.1,0.0,43.0
1,m2,m4/k40,v64w4/v32w4,10,20,640,10,640,block,683.356,32.8,,
1,m2,w2m1/k40,v64w4/v32w4,10,10,320,10,320,router,14.427,0.7,182.1,182.4
1,m2,w2m1/k40,v64w4/v32w4,10,10,320,10,320,router.sum,0.903,0.0,0.0,0.0
1,m2,w2m1/k40,v64w4/v32w4,10,10,320,10,320,route,5.332,0.3,0.0,0.0
1,m2,w2m1/k40,v64w4/v32w4,10,10,320,10,320,perm.up,2.454,0.1,0.0,0.0
1,m2,w2m1/k40,v64w4/v32w4,10,10,320,10,320,up,289.118,13.9,7253.6,63.8
1,m2,w2m1/k40,v64w4/v32w4,10,10,320,10,320,down,104.778,5.0,10007.6,117.3
1,m2,w2m1/k40,v64w4/v32w4,10,10,320,10,320,shexp.up,17.613,0.8,372.1,104.6
1,m2,w2m1/k40,v64w4/v32w4,10,10,320,10,320,shexp.down,11.974,0.6,273.7,102.6
1,m2,w2m1/k40,v64w4/v32w4,10,10,320,10,320,combine,2.802,0.1,0.0,43.9
1,m2,w2m1/k40,v64w4/v32w4,10,10,320,10,320,block,449.401,21.6,,
1,m2,w4m1/k40,v64w4/v32w4,10,20,640,10,640,router,15.629,0.8,168.1,168.4
1,m2,w4m1/k40,v64w4/v32w4,10,20,640,10,640,router.sum,0.886,0.0,0.0,0.0
1,m2,w4m1/k40,v64w4/v32w4,10,20,640,10,640,route,5.327,0.3,0.0,0.0
1,m2,w4m1/k40,v64w4/v32w4,10,20,640,10,640,perm.up,2.559,0.1,0.0,0.0
1,m2,w4m1/k40,v64w4/v32w4,10,20,640,10,640,perm.down,2.474,0.1,0.0,0.0
1,m2,w4m1/k40,v64w4/v32w4,10,20,640,10,640,up,497.076,23.9,8438.0,37.1
1,m2,w4m1/k40,v64w4/v32w4,10,20,640,10,640,down,123.554,5.9,16973.6,99.5
1,m2,w4m1/k40,v64w4/v32w4,10,20,640,10,640,shexp.up,33.941,1.6,193.1,54.3
1,m2,w4m1/k40,v64w4/v32w4,10,20,640,10,640,shexp.down,18.173,0.9,180.3,67.6
1,m2,w4m1/k40,v64w4/v32w4,10,20,640,10,640,combine,2.792,0.1,0.0,44.0
1,m2,w4m1/k40,v64w4/v32w4,10,20,640,10,640,block,702.411,33.7,,
1,m4,m1/k40,v64w4/v32w4,10,10,640,40,640,router,15.576,0.7,168.6,169.0
1,m4,m1/k40,v64w4/v32w4,10,10,640,40,640,router.sum,0.903,0.0,0.0,0.0
1,m4,m1/k40,v64w4/v32w4,10,10,640,40,640,route,5.365,0.3,0.0,0.0
1,m4,m1/k40,v64w4/v32w4,10,10,640,40,640,perm.up,2.494,0.1,0.0,0.0
1,m4,m1/k40,v64w4/v32w4,10,10,640,40,640,perm.down,2.659,0.1,0.0,0.0
1,m4,m1/k40,v64w4/v32w4,10,10,640,40,640,up,391.713,18.8,10707.6,47.1
1,m4,m1/k40,v64w4/v32w4,10,10,640,40,640,down,128.230,6.2,16354.6,95.8
1,m4,m1/k40,v64w4/v32w4,10,10,640,40,640,shexp.up,33.848,1.6,193.6,54.5
1,m4,m1/k40,v64w4/v32w4,10,10,640,40,640,shexp.down,18.151,0.9,180.5,67.7
1,m4,m1/k40,v64w4/v32w4,10,10,640,40,640,combine,2.837,0.1,0.0,43.3
1,m4,m1/k40,v64w4/v32w4,10,10,640,40,640,block,601.776,28.9,,
1,m4,m2/k40,v64w4/v32w4,10,10,640,20,640,router,15.381,0.7,170.8,171.1
1,m4,m2/k40,v64w4/v32w4,10,10,640,20,640,router.sum,0.873,0.0,0.0,0.0
1,m4,m2/k40,v64w4/v32w4,10,10,640,20,640,route,5.334,0.3,0.0,0.0
1,m4,m2/k40,v64w4/v32w4,10,10,640,20,640,perm.up,2.489,0.1,0.0,0.0
1,m4,m2/k40,v64w4/v32w4,10,10,640,20,640,perm.down,2.544,0.1,0.0,0.0
1,m4,m2/k40,v64w4/v32w4,10,10,640,20,640,up,389.181,18.7,10777.3,47.4
1,m4,m2/k40,v64w4/v32w4,10,10,640,20,640,down,114.910,5.5,18250.4,106.9
1,m4,m2/k40,v64w4/v32w4,10,10,640,20,640,shexp.up,34.232,1.6,191.4,53.8
1,m4,m2/k40,v64w4/v32w4,10,10,640,20,640,shexp.down,18.063,0.9,181.4,68.0
1,m4,m2/k40,v64w4/v32w4,10,10,640,20,640,combine,2.777,0.1,0.0,44.2
1,m4,m2/k40,v64w4/v32w4,10,10,640,20,640,block,585.784,28.1,,
1,m4,m4/k40,v64w4/v32w4,10,10,640,10,640,router,15.619,0.7,168.2,168.5
1,m4,m4/k40,v64w4/v32w4,10,10,640,10,640,router.sum,0.891,0.0,0.0,0.0
1,m4,m4/k40,v64w4/v32w4,10,10,640,10,640,route,5.337,0.3,0.0,0.0
1,m4,m4/k40,v64w4/v32w4,10,10,640,10,640,perm.up,2.501,0.1,0.0,0.0
1,m4,m4/k40,v64w4/v32w4,10,10,640,10,640,up,387.267,18.6,10830.5,47.6
1,m4,m4/k40,v64w4/v32w4,10,10,640,10,640,down,109.382,5.3,19172.7,112.3
1,m4,m4/k40,v64w4/v32w4,10,10,640,10,640,shexp.up,34.565,1.7,189.6,53.3
1,m4,m4/k40,v64w4/v32w4,10,10,640,10,640,shexp.down,17.981,0.9,182.2,68.3
1,m4,m4/k40,v64w4/v32w4,10,10,640,10,640,combine,2.837,0.1,0.0,43.3
1,m4,m4/k40,v64w4/v32w4,10,10,640,10,640,block,576.380,27.7,,
1,m4,w2m1/k40,v64w4/v32w4,10,10,640,20,640,router,15.466,0.7,169.8,170.2
1,m4,w2m1/k40,v64w4/v32w4,10,10,640,20,640,router.sum,0.893,0.0,0.0,0.0
1,m4,w2m1/k40,v64w4/v32w4,10,10,640,20,640,route,5.352,0.3,0.0,0.0
1,m4,w2m1/k40,v64w4/v32w4,10,10,640,20,640,perm.up,2.484,0.1,0.0,0.0
1,m4,w2m1/k40,v64w4/v32w4,10,10,640,20,640,perm.down,2.546,0.1,0.0,0.0
1,m4,w2m1/k40,v64w4/v32w4,10,10,640,20,640,up,391.996,18.8,10699.9,47.0
1,m4,w2m1/k40,v64w4/v32w4,10,10,640,20,640,down,132.012,6.3,15886.1,93.1
1,m4,w2m1/k40,v64w4/v32w4,10,10,640,20,640,shexp.up,34.242,1.6,191.4,53.8
1,m4,w2m1/k40,v64w4/v32w4,10,10,640,20,640,shexp.down,18.221,0.9,179.8,67.4
1,m4,w2m1/k40,v64w4/v32w4,10,10,640,20,640,combine,2.840,0.1,0.0,43.3
1,m4,w2m1/k40,v64w4/v32w4,10,10,640,20,640,block,606.052,29.1,,
1,m4,w4m1/k40,v64w4/v32w4,10,10,640,10,640,router,15.829,0.8,165.9,166.3
1,m4,w4m1/k40,v64w4/v32w4,10,10,640,10,640,router.sum,0.883,0.0,0.0,0.0
1,m4,w4m1/k40,v64w4/v32w4,10,10,640,10,640,route,5.342,0.3,0.0,0.0
1,m4,w4m1/k40,v64w4/v32w4,10,10,640,10,640,perm.up,2.509,0.1,0.0,0.0
1,m4,w4m1/k40,v64w4/v32w4,10,10,640,10,640,up,390.894,18.8,10730.0,47.2
1,m4,w4m1/k40,v64w4/v32w4,10,10,640,10,640,down,123.268,5.9,17012.9,99.7
1,m4,w4m1/k40,v64w4/v32w4,10,10,640,10,640,shexp.up,34.472,1.7,190.1,53.5
1,m4,w4m1/k40,v64w4/v32w4,10,10,640,10,640,shexp.down,18.361,0.9,178.5,66.9
1,m4,w4m1/k40,v64w4/v32w4,10,10,640,10,640,combine,2.837,0.1,0.0,43.3
1,m4,w4m1/k40,v64w4/v32w4,10,10,640,10,640,block,594.395,28.5,,
1,w2m1,m1/k40,v64w4/v32w4,10,10,320,20,320,router,14.589,0.7,180.0,180.4
1,w2m1,m1/k40,v64w4/v32w4,10,10,320,20,320,router.sum,0.871,0.0,0.0,0.0
1,w2m1,m1/k40,v64w4/v32w4,10,10,320,20,320,route,5.342,0.3,0.0,0.0
1,w2m1,m1/k40,v64w4/v32w4,10,10,320,20,320,perm.up,2.471,0.1,0.0,0.0
1,w2m1,m1/k40,v64w4/v32w4,10,10,320,20,320,perm.down,2.494,0.1,0.0,0.0
1,w2m1,m1/k40,v64w4/v32w4,10,10,320,20,320,up,286.528,13.8,7319.2,64.3
1,w2m1,m1/k40,v64w4/v32w4,10,10,320,20,320,down,90.173,4.3,11628.5,136.3
1,w2m1,m1/k40,v64w4/v32w4,10,10,320,20,320,shexp.up,17.552,0.8,373.4,105.0
1,w2m1,m1/k40,v64w4/v32w4,10,10,320,20,320,shexp.down,12.012,0.6,272.8,102.3
1,w2m1,m1/k40,v64w4/v32w4,10,10,320,20,320,combine,2.825,0.1,0.0,43.5
1,w2m1,m1/k40,v64w4/v32w4,10,10,320,20,320,block,434.857,20.9,,
1,w2m1,m2/k40,v64w4/v32w4,10,10,320,10,320,router,14.316,0.7,183.5,183.8
1,w2m1,m2/k40,v64w4/v32w4,10,10,320,10,320,router.sum,0.891,0.0,0.0,0.0
1,w2m1,m2/k40,v64w4/v32w4,10,10,320,10,320,route,5.329,0.3,0.0,0.0
1,w2m1,m2/k40,v64w4/v32w4,10,10,320,10,320,perm.up,2.456,0.1,0.0,0.0
1,w2m1,m2/k40,v64w4/v32w4,10,10,320,10,320,up,286.030,13.7,7331.9,64.4
1,w2m1,m2/k40,v64w4/v32w4,10,10,320,10,320,down,91.305,4.4,11484.3,134.6
1,w2m1,m2/k40,v64w4/v32w4,10,10,320,10,320,shexp.up,17.903,0.9,366.1,103.0
1,w2m1,m2/k40,v64w4/v32w4,10,10,320,10,320,shexp.down,11.947,0.6,274.3,102.9
1,w2m1,m2/k40,v64w4/v32w4,10,10,320,10,320,combine,2.805,0.1,0.0,43.8
1,w2m1,m2/k40,v64w4/v32w4,10,10,320,10,320,block,432.982,20.8,,
1,w2m1,m4/k40,v64w4/v32w4,10,20,640,10,640,router,15.516,0.7,169.3,169.6
1,w2m1,m4/k40,v64w4/v32w4,10,20,640,10,640,router.sum,0.883,0.0,0.0,0.0
1,w2m1,m4/k40,v64w4/v32w4,10,20,640,10,640,route,5.339,0.3,0.0,0.0
1,w2m1,m4/k40,v64w4/v32w4,10,20,640,10,640,perm.up,2.574,0.1,0.0,0.0
1,w2m1,m4/k40,v64w4/v32w4,10,20,640,10,640,perm.down,2.529,0.1,0.0,0.0
1,w2m1,m4/k40,v64w4/v32w4,10,20,640,10,640,up,546.823,26.2,7670.3,33.7
1,w2m1,m4/k40,v64w4/v32w4,10,20,640,10,640,down,108.961,5.2,19246.8,112.8
1,w2m1,m4/k40,v64w4/v32w4,10,20,640,10,640,shexp.up,33.861,1.6,193.5,54.4
1,w2m1,m4/k40,v64w4/v32w4,10,20,640,10,640,shexp.down,18.294,0.9,179.1,67.2
1,w2m1,m4/k40,v64w4/v32w4,10,20,640,10,640,combine,2.830,0.1,0.0,43.4
1,w2m1,m4/k40,v64w4/v32w4,10,20,640,10,640,block,737.610,35.4,,
1,w2m1,w2m1/k40,v64w4/v32w4,10,10,320,10,320,router,14.406,0.7,182.3,182.7
1,w2m1,w2m1/k40,v64w4/v32w4,10,10,320,10,320,router.sum,0.971,0.0,0.0,0.0
1,w2m1,w2m1/k40,v64w4/v32w4,10,10,320,10,320,route,5.384,0.3,0.0,0.0
1,w2m1,w2m1/k40,v64w4/v32w4,10,10,320,10,320,perm.up,2.451,0.1,0.0,0.0
1,w2m1,w2m1/k40,v64w4/v32w4,10,10,320,10,320,up,286.333,13.7,7324.2,64.4
1,w2m1,w2m1/k40,v64w4/v32w4,10,10,320,10,320,down,106.086,5.1,9884.2,115.8
1,w2m1,w2m1/k40,v64w4/v32w4,10,10,320,10,320,shexp.up,17.873,0.9,366.7,103.1
1,w2m1,w2m1/k40,v64w4/v32w4,10,10,320,10,320,shexp.down,12.024,0.6,272.5,102.2
1,w2m1,w2m1/k40,v64w4/v32w4,10,10,320,10,320,combine,2.800,0.1,0.0,43.9
1,w2m1,w2m1/k40,v64w4/v32w4,10,10,320,10,320,block,448.328,21.5,,
1,w2m1,w4m1/k40,v64w4/v32w4,10,20,640,10,640,router,15.476,0.7,169.7,170.0
1,w2m1,w4m1/k40,v64w4/v32w4,10,20,640,10,640,router.sum,0.886,0.0,0.0,0.0
1,w2m1,w4m1/k40,v64w4/v32w4,10,20,640,10,640,route,5.327,0.3,0.0,0.0
1,w2m1,w4m1/k40,v64w4/v32w4,10,20,640,10,640,perm.up,2.571,0.1,0.0,0.0
1,w2m1,w4m1/k40,v64w4/v32w4,10,20,640,10,640,perm.down,2.476,0.1,0.0,0.0
1,w2m1,w4m1/k40,v64w4/v32w4,10,20,640,10,640,up,558.746,26.8,7506.6,33.0
1,w2m1,w4m1/k40,v64w4/v32w4,10,20,640,10,640,down,122.853,5.9,17070.4,100.0
1,w2m1,w4m1/k40,v64w4/v32w4,10,20,640,10,640,shexp.up,34.732,1.7,188.7,53.1
1,w2m1,w4m1/k40,v64w4/v32w4,10,20,640,10,640,shexp.down,18.532,0.9,176.8,66.3
1,w2m1,w4m1/k40,v64w4/v32w4,10,20,640,10,640,combine,2.930,0.1,0.0,41.9
1,w2m1,w4m1/k40,v64w4/v32w4,10,20,640,10,640,block,764.529,36.7,,
1,w4m1,m1/k40,v64w4/v32w4,10,10,640,40,640,router,15.494,0.7,169.5,169.9
1,w4m1,m1/k40,v64w4/v32w4,10,10,640,40,640,router.sum,0.911,0.0,0.0,0.0
1,w4m1,m1/k40,v64w4/v32w4,10,10,640,40,640,route,5.385,0.3,0.0,0.0
1,w4m1,m1/k40,v64w4/v32w4,10,10,640,40,640,perm.up,2.541,0.1,0.0,0.0
1,w4m1,m1/k40,v64w4/v32w4,10,10,640,40,640,perm.down,2.664,0.1,0.0,0.0
1,w4m1,m1/k40,v64w4/v32w4,10,10,640,40,640,up,352.724,16.9,11891.2,52.3
1,w4m1,m1/k40,v64w4/v32w4,10,10,640,40,640,down,125.733,6.0,16679.4,97.7
1,w4m1,m1/k40,v64w4/v32w4,10,10,640,40,640,shexp.up,33.906,1.6,193.3,54.4
1,w4m1,m1/k40,v64w4/v32w4,10,10,640,40,640,shexp.down,18.266,0.9,179.4,67.3
1,w4m1,m1/k40,v64w4/v32w4,10,10,640,40,640,combine,2.822,0.1,0.0,43.5
1,w4m1,m1/k40,v64w4/v32w4,10,10,640,40,640,block,560.446,26.9,,
1,w4m1,m2/k40,v64w4/v32w4,10,10,640,20,640,router,15.564,0.7,168.8,169.1
1,w4m1,m2/k40,v64w4/v32w4,10,10,640,20,640,router.sum,0.883,0.0,0.0,0.0
1,w4m1,m2/k40,v64w4/v32w4,10,10,640,20,640,route,5.339,0.3,0.0,0.0
1,w4m1,m2/k40,v64w4/v32w4,10,10,640,20,640,perm.up,2.521,0.1,0.0,0.0
1,w4m1,m2/k40,v64w4/v32w4,10,10,640,20,640,perm.down,2.529,0.1,0.0,0.0
1,w4m1,m2/k40,v64w4/v32w4,10,10,640,20,640,up,348.403,16.7,12038.7,52.9
1,w4m1,m2/k40,v64w4/v32w4,10,10,640,20,640,down,115.701,5.6,18125.6,106.2
1,w4m1,m2/k40,v64w4/v32w4,10,10,640,20,640,shexp.up,33.964,1.6,193.0,54.3
1,w4m1,m2/k40,v64w4/v32w4,10,10,640,20,640,shexp.down,18.133,0.9,180.7,67.8
1,w4m1,m2/k40,v64w4/v32w4,10,10,640,20,640,combine,2.787,0.1,0.0,44.1
1,w4m1,m2/k40,v64w4/v32w4,10,10,640,20,640,block,545.824,26.2,,
1,w4m1,m4/k40,v64w4/v32w4,10,10,640,10,640,router,15.629,0.8,168.1,168.4
1,w4m1,m4/k40,v64w4/v32w4,10,10,640,10,640,router.sum,0.886,0.0,0.0,0.0
1,w4m1,m4/k40,v64w4/v32w4,10,10,640,10,640,route,5.362,0.3,0.0,0.0
1,w4m1,m4/k40,v64w4/v32w4,10,10,640,10,640,perm.up,2.489,0.1,0.0,0.0
1,w4m1,m4/k40,v64w4/v32w4,10,10,640,10,640,up,348.221,16.7,12044.9,52.9
1,w4m1,m4/k40,v64w4/v32w4,10,10,640,10,640,down,109.507,5.3,19150.8,112.2
1,w4m1,m4/k40,v64w4/v32w4,10,10,640,10,640,shexp.up,34.304,1.6,191.0,53.7
1,w4m1,m4/k40,v64w4/v32w4,10,10,640,10,640,shexp.down,18.311,0.9,179.0,67.1
1,w4m1,m4/k40,v64w4/v32w4,10,10,640,10,640,combine,2.835,0.1,0.0,43.3
1,w4m1,m4/k40,v64w4/v32w4,10,10,640,10,640,block,537.544,25.8,,
1,w4m1,w2m1/k40,v64w4/v32w4,10,10,640,20,640,router,15.596,0.7,168.4,168.7
1,w4m1,w2m1/k40,v64w4/v32w4,10,10,640,20,640,router.sum,0.881,0.0,0.0,0.0
1,w4m1,w2m1/k40,v64w4/v32w4,10,10,640,20,640,route,5.339,0.3,0.0,0.0
1,w4m1,w2m1/k40,v64w4/v32w4,10,10,640,20,640,perm.up,2.516,0.1,0.0,0.0
1,w4m1,w2m1/k40,v64w4/v32w4,10,10,640,20,640,perm.down,2.526,0.1,0.0,0.0
1,w4m1,w2m1/k40,v64w4/v32w4,10,10,640,20,640,up,347.888,16.7,12056.5,53.0
1,w4m1,w2m1/k40,v64w4/v32w4,10,10,640,20,640,down,133.553,6.4,15702.8,92.0
1,w4m1,w2m1/k40,v64w4/v32w4,10,10,640,20,640,shexp.up,34.407,1.7,190.5,53.6
1,w4m1,w2m1/k40,v64w4/v32w4,10,10,640,20,640,shexp.down,18.266,0.9,179.4,67.3
1,w4m1,w2m1/k40,v64w4/v32w4,10,10,640,20,640,combine,3.033,0.1,0.0,40.5
1,w4m1,w2m1/k40,v64w4/v32w4,10,10,640,20,640,block,564.005,27.1,,
1,w4m1,w4m1/k40,v64w4/v32w4,10,10,640,10,640,router,16.167,0.8,162.5,162.8
1,w4m1,w4m1/k40,v64w4/v32w4,10,10,640,10,640,router.sum,0.893,0.0,0.0,0.0
1,w4m1,w4m1/k40,v64w4/v32w4,10,10,640,10,640,route,5.357,0.3,0.0,0.0
1,w4m1,w4m1/k40,v64w4/v32w4,10,10,640,10,640,perm.up,2.494,0.1,0.0,0.0
1,w4m1,w4m1/k40,v64w4/v32w4,10,10,640,10,640,up,348.812,16.7,12024.5,52.8
1,w4m1,w4m1/k40,v64w4/v32w4,10,10,640,10,640,down,122.103,5.9,17175.3,100.6
1,w4m1,w4m1/k40,v64w4/v32w4,10,10,640,10,640,shexp.up,34.104,1.6,192.2,54.0
1,w4m1,w4m1/k40,v64w4/v32w4,10,10,640,10,640,shexp.down,18.339,0.9,178.7,67.0
1,w4m1,w4m1/k40,v64w4/v32w4,10,10,640,10,640,combine,2.827,0.1,0.0,43.5
1,w4m1,w4m1/k40,v64w4/v32w4,10,10,640,10,640,block,551.096,26.5,,
1,n2m1,m1/k40,v64w4/v32w4,10,10,160,10,160,router,14.153,0.7,185.6,185.9
1,n2m1,m1/k40,v64w4/v32w4,10,10,160,10,160,router.sum,1.008,0.0,0.0,0.0
1,n2m1,m1/k40,v64w4/v32w4,10,10,160,10,160,route,5.382,0.3,0.0,0.0
1,n2m1,m1/k40,v64w4/v32w4,10,10,160,10,160,perm.up,2.426,0.1,0.0,0.0
1,n2m1,m1/k40,v64w4/v32w4,10,10,160,10,160,up,231.426,11.1,4530.9,79.6
1,n2m1,m1/k40,v64w4/v32w4,10,10,160,10,160,down,91.150,4.4,5751.9,134.8
1,n2m1,m1/k40,v64w4/v32w4,10,10,160,10,160,shexp.up,14.211,0.7,461.2,129.7
1,n2m1,m1/k40,v64w4/v32w4,10,10,160,10,160,shexp.down,8.655,0.4,378.6,142.0
1,n2m1,m1/k40,v64w4/v32w4,10,10,160,10,160,combine,2.825,0.1,0.0,43.5
1,n2m1,m1/k40,v64w4/v32w4,10,10,160,10,160,block,371.236,17.8,,
1,n2m1,m2/k40,v64w4/v32w4,10,20,320,10,320,router,14.507,0.7,181.1,181.4
1,n2m1,m2/k40,v64w4/v32w4,10,20,320,10,320,router.sum,0.913,0.0,0.0,0.0
1,n2m1,m2/k40,v64w4/v32w4,10,20,320,10,320,route,5.379,0.3,0.0,0.0
1,n2m1,m2/k40,v64w4/v32w4,10,20,320,10,320,perm.up,2.539,0.1,0.0,0.0
1,n2m1,m2/k40,v64w4/v32w4,10,20,320,10,320,perm.down,2.424,0.1,0.0,0.0
1,n2m1,m2/k40,v64w4/v32w4,10,20,320,10,320,up,365.689,17.6,5734.8,50.4
1,n2m1,m2/k40,v64w4/v32w4,10,20,320,10,320,down,91.057,4.4,11515.6,134.9
1,n2m1,m2/k40,v64w4/v32w4,10,20,320,10,320,shexp.up,17.813,0.9,367.9,103.5
1,n2m1,m2/k40,v64w4/v32w4,10,20,320,10,320,shexp.down,11.972,0.6,273.7,102.6
1,n2m1,m2/k40,v64w4/v32w4,10,20,320,10,320,combine,2.800,0.1,0.0,43.9
1,n2m1,m2/k40,v64w4/v32w4,10,20,320,10,320,block,515.093,24.7,,
1,n2m1,m4/k40,v64w4/v32w4,10,40,640,10,640,router,15.619,0.7,168.2,168.5
1,n2m1,m4/k40,v64w4/v32w4,10,40,640,10,640,router.sum,0.878,0.0,0.0,0.0
1,n2m1,m4/k40,v64w4/v32w4,10,40,640,10,640,route,5.347,0.3,0.0,0.0
1,n2m1,m4/k40,v64w4/v32w4,10,40,640,10,640,perm.up,2.682,0.1,0.0,0.0
1,n2m1,m4/k40,v64w4/v32w4,10,40,640,10,640,perm.down,2.494,0.1,0.0,0.0
1,n2m1,m4/k40,v64w4/v32w4,10,40,640,10,640,up,523.561,25.1,8011.1,35.2
1,n2m1,m4/k40,v64w4/v32w4,10,40,640,10,640,down,111.075,5.3,18880.5,110.6
1,n2m1,m4/k40,v64w4/v32w4,10,40,640,10,640,shexp.up,34.332,1.6,190.9,53.7
1,n2m1,m4/k40,v64w4/v32w4,10,40,640,10,640,shexp.down,18.214,0.9,179.9,67.5
1,n2m1,m4/k40,v64w4/v32w4,10,40,640,10,640,combine,2.857,0.1,0.0,43.0
1,n2m1,m4/k40,v64w4/v32w4,10,40,640,10,640,block,717.059,34.4,,
1,n2m1,w2m1/k40,v64w4/v32w4,10,20,320,10,320,router,14.331,0.7,183.3,183.6
1,n2m1,w2m1/k40,v64w4/v32w4,10,20,320,10,320,router.sum,0.888,0.0,0.0,0.0
1,n2m1,w2m1/k40,v64w4/v32w4,10,20,320,10,320,route,5.360,0.3,0.0,0.0
1,n2m1,w2m1/k40,v64w4/v32w4,10,20,320,10,320,perm.up,2.506,0.1,0.0,0.0
1,n2m1,w2m1/k40,v64w4/v32w4,10,20,320,10,320,perm.down,2.429,0.1,0.0,0.0
1,n2m1,w2m1/k40,v64w4/v32w4,10,20,320,10,320,up,362.413,17.4,5786.6,50.9
1,n2m1,w2m1/k40,v64w4/v32w4,10,20,320,10,320,down,103.203,5.0,10160.3,119.1
1,n2m1,w2m1/k40,v64w4/v32w4,10,20,320,10,320,shexp.up,17.840,0.9,367.4,103.3
1,n2m1,w2m1/k40,v64w4/v32w4,10,20,320,10,320,shexp.down,12.057,0.6,271.8,101.9
1,n2m1,w2m1/k40,v64w4/v32w4,10,20,320,10,320,combine,2.797,0.1,0.0,43.9
1,n2m1,w2m1/k40,v64w4/v32w4,10,20,320,10,320,block,523.824,25.1,,
1,n2m1,w4m1/k40,v64w4/v32w4,10,40,640,10,640,router,15.684,0.8,167.5,167.8
1,n2m1,w4m1/k40,v64w4/v32w4,10,40,640,10,640,router.sum,0.901,0.0,0.0,0.0
1,n2m1,w4m1/k40,v64w4/v32w4,10,40,640,10,640,route,5.347,0.3,0.0,0.0
1,n2m1,w4m1/k40,v64w4/v32w4,10,40,640,10,640,perm.up,2.694,0.1,0.0,0.0
1,n2m1,w4m1/k40,v64w4/v32w4,10,40,640,10,640,perm.down,2.474,0.1,0.0,0.0
1,n2m1,w4m1/k40,v64w4/v32w4,10,40,640,10,640,up,524.278,25.2,8000.2,35.2
1,n2m1,w4m1/k40,v64w4/v32w4,10,40,640,10,640,down,125.237,6.0,16745.5,98.1
1,n2m1,w4m1/k40,v64w4/v32w4,10,40,640,10,640,shexp.up,34.397,1.7,190.5,53.6
1,n2m1,w4m1/k40,v64w4/v32w4,10,40,640,10,640,shexp.down,18.366,0.9,178.4,66.9
1,n2m1,w4m1/k40,v64w4/v32w4,10,40,640,10,640,combine,2.962,0.1,0.0,41.5
1,n2m1,w4m1/k40,v64w4/v32w4,10,40,640,10,640,block,732.340,35.2,,
1,n1m1,m1/k40,v64w4/v32w4,10,10,160,10,160,router,13.913,0.7,188.8,189.2
1,n1m1,m1/k40,v64w4/v32w4,10,10,160,10,160,router.sum,0.926,0.0,0.0,0.0
1,n1m1,m1/k40,v64w4/v32w4,10,10,160,10,160,route,5.382,0.3,0.0,0.0
1,n1m1,m1/k40,v64w4/v32w4,10,10,160,10,160,perm.up,2.439,0.1,0.0,0.0
1,n1m1,m1/k40,v64w4/v32w4,10,10,160,10,160,up,253.381,12.2,4138.3,72.7
1,n1m1,m1/k40,v64w4/v32w4,10,10,160,10,160,down,95.428,4.6,5494.1,128.8
1,n1m1,m1/k40,v64w4/v32w4,10,10,160,10,160,shexp.up,14.226,0.7,460.7,129.6
1,n1m1,m1/k40,v64w4/v32w4,10,10,160,10,160,shexp.down,8.711,0.4,376.2,141.1
1,n1m1,m1/k40,v64w4/v32w4,10,10,160,10,160,combine,2.817,0.1,0.0,43.6
1,n1m1,m1/k40,v64w4/v32w4,10,10,160,10,160,block,397.223,19.1,,
1,n1m1,m2/k40,v64w4/v32w4,10,20,320,10,320,router,14.351,0.7,183.0,183.4
1,n1m1,m2/k40,v64w4/v32w4,10,20,320,10,320,router.sum,0.886,0.0,0.0,0.0
1,n1m1,m2/k40,v64w4/v32w4,10,20,320,10,320,route,5.339,0.3,0.0,0.0
1,n1m1,m2/k40,v64w4/v32w4,10,20,320,10,320,perm.up,2.504,0.1,0.0,0.0
1,n1m1,m2/k40,v64w4/v32w4,10,20,320,10,320,perm.down,2.434,0.1,0.0,0.0
1,n1m1,m2/k40,v64w4/v32w4,10,20,320,10,320,up,414.717,19.9,5056.8,44.4
1,n1m1,m2/k40,v64w4/v32w4,10,20,320,10,320,down,90.521,4.3,11583.8,135.7
1,n1m1,m2/k40,v64w4/v32w4,10,20,320,10,320,shexp.up,17.587,0.8,372.6,104.8
1,n1m1,m2/k40,v64w4/v32w4,10,20,320,10,320,shexp.down,12.823,0.6,255.5,95.8
1,n1m1,m2/k40,v64w4/v32w4,10,20,320,10,320,combine,2.807,0.1,0.0,43.8
1,n1m1,m2/k40,v64w4/v32w4,10,20,320,10,320,block,563.969,27.1,,
1,n1m1,m4/k40,v64w4/v32w4,10,40,640,10,640,router,15.711,0.8,167.2,167.5
1,n1m1,m4/k40,v64w4/v32w4,10,40,640,10,640,router.sum,0.878,0.0,0.0,0.0
1,n1m1,m4/k40,v64w4/v32w4,10,40,640,10,640,route,5.347,0.3,0.0,0.0
1,n1m1,m4/k40,v64w4/v32w4,10,40,640,10,640,perm.up,2.677,0.1,0.0,0.0
1,n1m1,m4/k40,v64w4/v32w4,10,40,640,10,640,perm.down,2.466,0.1,0.0,0.0
1,n1m1,m4/k40,v64w4/v32w4,10,40,640,10,640,up,706.251,33.9,5938.8,26.1
1,n1m1,m4/k40,v64w4/v32w4,10,40,640,10,640,down,123.884,5.9,16928.4,99.2
1,n1m1,m4/k40,v64w4/v32w4,10,40,640,10,640,shexp.up,34.502,1.7,189.9,53.4
1,n1m1,m4/k40,v64w4/v32w4,10,40,640,10,640,shexp.down,18.191,0.9,180.1,67.5
1,n1m1,m4/k40,v64w4/v32w4,10,40,640,10,640,combine,2.955,0.1,0.0,41.6
1,n1m1,m4/k40,v64w4/v32w4,10,40,640,10,640,block,912.862,43.8,,
1,n1m1,w2m1/k40,v64w4/v32w4,10,20,320,10,320,router,14.517,0.7,180.9,181.3
1,n1m1,w2m1/k40,v64w4/v32w4,10,20,320,10,320,router.sum,0.916,0.0,0.0,0.0
1,n1m1,w2m1/k40,v64w4/v32w4,10,20,320,10,320,route,5.382,0.3,0.0,0.0
1,n1m1,w2m1/k40,v64w4/v32w4,10,20,320,10,320,perm.up,2.531,0.1,0.0,0.0
1,n1m1,w2m1/k40,v64w4/v32w4,10,20,320,10,320,perm.down,2.474,0.1,0.0,0.0
1,n1m1,w2m1/k40,v64w4/v32w4,10,20,320,10,320,up,419.639,20.1,4997.5,43.9
1,n1m1,w2m1/k40,v64w4/v32w4,10,20,320,10,320,down,117.415,5.6,8930.5,104.7
1,n1m1,w2m1/k40,v64w4/v32w4,10,20,320,10,320,shexp.up,18.003,0.9,364.0,102.4
1,n1m1,w2m1/k40,v64w4/v32w4,10,20,320,10,320,shexp.down,12.185,0.6,268.9,100.8
1,n1m1,w2m1/k40,v64w4/v32w4,10,20,320,10,320,combine,2.985,0.1,0.0,41.2
1,n1m1,w2m1/k40,v64w4/v32w4,10,20,320,10,320,block,596.047,28.6,,
1,n1m1,w4m1/k40,v64w4/v32w4,10,40,640,10,640,router,15.776,0.8,166.5,166.8
1,n1m1,w4m1/k40,v64w4/v32w4,10,40,640,10,640,router.sum,0.921,0.0,0.0,0.0
1,n1m1,w4m1/k40,v64w4/v32w4,10,40,640,10,640,route,5.400,0.3,0.0,0.0
1,n1m1,w4m1/k40,v64w4/v32w4,10,40,640,10,640,perm.up,2.699,0.1,0.0,0.0
1,n1m1,w4m1/k40,v64w4/v32w4,10,40,640,10,640,perm.down,2.504,0.1,0.0,0.0
1,n1m1,w4m1/k40,v64w4/v32w4,10,40,640,10,640,up,702.624,33.7,5969.5,26.2
1,n1m1,w4m1/k40,v64w4/v32w4,10,40,640,10,640,down,123.932,5.9,16921.8,99.2
1,n1m1,w4m1/k40,v64w4/v32w4,10,40,640,10,640,shexp.up,34.670,1.7,189.0,53.2
1,n1m1,w4m1/k40,v64w4/v32w4,10,40,640,10,640,shexp.down,18.269,0.9,179.4,67.3
1,n1m1,w4m1/k40,v64w4/v32w4,10,40,640,10,640,combine,2.925,0.1,0.0,42.0
1,n1m1,w4m1/k40,v64w4/v32w4,10,40,640,10,640,block,909.720,43.7,,
1,v16,v16/k40,v64w4/v32w4,10,10,160,10,160,router,13.492,0.6,194.7,195.1
1,v16,v16/k40,v64w4/v32w4,10,10,160,10,160,router.sum,0.913,0.0,0.0,0.0
1,v16,v16/k40,v64w4/v32w4,10,10,160,10,160,route,5.385,0.3,0.0,0.0
1,v16,v16/k40,v64w4/v32w4,10,10,160,10,160,perm.up,2.409,0.1,0.0,0.0
1,v16,v16/k40,v64w4/v32w4,10,10,160,10,160,up,145.207,7.0,7221.2,126.9
1,v16,v16/k40,v64w4/v32w4,10,10,160,10,160,down,60.712,2.9,8635.7,202.4
1,v16,v16/k40,v64w4/v32w4,10,10,160,10,160,shexp.up,14.386,0.7,455.6,128.1
1,v16,v16/k40,v64w4/v32w4,10,10,160,10,160,shexp.down,9.051,0.4,362.0,135.8
1,v16,v16/k40,v64w4/v32w4,10,10,160,10,160,combine,2.927,0.1,0.0,42.0
1,v16,v16/k40,v64w4/v32w4,10,10,160,10,160,block,254.482,12.2,,
1,v16,v32/k40,v64w4/v32w4,10,10,160,10,160,router,13.602,0.7,193.1,193.5
1,v16,v32/k40,v64w4/v32w4,10,10,160,10,160,router.sum,0.918,0.0,0.0,0.0
1,v16,v32/k40,v64w4/v32w4,10,10,160,10,160,route,5.390,0.3,0.0,0.0
1,v16,v32/k40,v64w4/v32w4,10,10,160,10,160,perm.up,2.444,0.1,0.0,0.0
1,v16,v32/k40,v64w4/v32w4,10,10,160,10,160,up,147.118,7.1,7127.4,125.3
1,v16,v32/k40,v64w4/v32w4,10,10,160,10,160,down,65.343,3.1,8023.6,188.1
1,v16,v32/k40,v64w4/v32w4,10,10,160,10,160,shexp.up,14.018,0.7,467.5,131.5
1,v16,v32/k40,v64w4/v32w4,10,10,160,10,160,shexp.down,8.628,0.4,379.8,142.4
1,v16,v32/k40,v64w4/v32w4,10,10,160,10,160,combine,2.932,0.1,0.0,41.9
1,v16,v32/k40,v64w4/v32w4,10,10,160,10,160,block,260.393,12.5,,
1,v16,v64/k40,v64w4/v32w4,10,10,160,10,160,router,13.550,0.7,193.8,194.2
1,v16,v64/k40,v64w4/v32w4,10,10,160,10,160,router.sum,0.898,0.0,0.0,0.0
1,v16,v64/k40,v64w4/v32w4,10,10,160,10,160,route,5.370,0.3,0.0,0.0
1,v16,v64/k40,v64w4/v32w4,10,10,160,10,160,perm.up,2.419,0.1,0.0,0.0
1,v16,v64/k40,v64w4/v32w4,10,10,160,10,160,up,145.481,7.0,7207.6,126.7
1,v16,v64/k40,v64w4/v32w4,10,10,160,10,160,down,70.946,3.4,7390.0,173.2
1,v16,v64/k40,v64w4/v32w4,10,10,160,10,160,shexp.up,14.073,0.7,465.7,131.0
1,v16,v64/k40,v64w4/v32w4,10,10,160,10,160,shexp.down,8.580,0.4,381.9,143.2
1,v16,v64/k40,v64w4/v32w4,10,10,160,10,160,combine,2.907,0.1,0.0,42.3
1,v16,v64/k40,v64w4/v32w4,10,10,160,10,160,block,264.224,12.7,,
1,v16,v16w4/k40,v64w4/v32w4,10,10,160,10,160,router,13.420,0.6,195.7,196.1
1,v16,v16w4/k40,v64w4/v32w4,10,10,160,10,160,router.sum,0.911,0.0,0.0,0.0
1,v16,v16w4/k40,v64w4/v32w4,10,10,160,10,160,route,5.367,0.3,0.0,0.0
1,v16,v16w4/k40,v64w4/v32w4,10,10,160,10,160,perm.up,2.421,0.1,0.0,0.0
1,v16,v16w4/k40,v64w4/v32w4,10,10,160,10,160,up,145.290,7.0,7217.1,126.9
1,v16,v16w4/k40,v64w4/v32w4,10,10,160,10,160,down,57.160,2.7,9172.3,215.0
1,v16,v16w4/k40,v64w4/v32w4,10,10,160,10,160,shexp.up,13.915,0.7,471.0,132.5
1,v16,v16w4/k40,v64w4/v32w4,10,10,160,10,160,shexp.down,8.545,0.4,383.5,143.8
1,v16,v16w4/k40,v64w4/v32w4,10,10,160,10,160,combine,2.900,0.1,0.0,42.4
1,v16,v16w4/k40,v64w4/v32w4,10,10,160,10,160,block,249.929,12.0,,
1,v16,v32w4/k40,v64w4/v32w4,10,10,160,10,160,router,13.537,0.6,194.0,194.4
1,v16,v32w4/k40,v64w4/v32w4,10,10,160,10,160,router.sum,0.918,0.0,0.0,0.0
1,v16,v32w4/k40,v64w4/v32w4,10,10,160,10,160,route,5.377,0.3,0.0,0.0
1,v16,v32w4/k40,v64w4/v32w4,10,10,160,10,160,perm.up,2.419,0.1,0.0,0.0
1,v16,v32w4/k40,v64w4/v32w4,10,10,160,10,160,up,147.737,7.1,7097.6,124.8
1,v16,v32w4/k40,v64w4/v32w4,10,10,160,10,160,down,59.615,2.9,8794.6,206.1
1,v16,v32w4/k40,v64w4/v32w4,10,10,160,10,160,shexp.up,14.229,0.7,460.6,129.5
1,v16,v32w4/k40,v64w4/v32w4,10,10,160,10,160,shexp.down,8.668,0.4,378.0,141.8
1,v16,v32w4/k40,v64w4/v32w4,10,10,160,10,160,combine,2.950,0.1,0.0,41.7
1,v16,v32w4/k40,v64w4/v32w4,10,10,160,10,160,block,255.450,12.3,,
1,v16,v64w4/k40,v64w4/v32w4,10,10,160,10,160,router,13.430,0.6,195.6,196.0
1,v16,v64w4/k40,v64w4/v32w4,10,10,160,10,160,router.sum,0.901,0.0,0.0,0.0
1,v16,v64w4/k40,v64w4/v32w4,10,10,160,10,160,route,5.392,0.3,0.0,0.0
1,v16,v64w4/k40,v64w4/v32w4,10,10,160,10,160,perm.up,2.441,0.1,0.0,0.0
1,v16,v64w4/k40,v64w4/v32w4,10,10,160,10,160,up,146.360,7.0,7164.4,125.9
1,v16,v64w4/k40,v64w4/v32w4,10,10,160,10,160,down,59.585,2.9,8799.0,206.2
1,v16,v64w4/k40,v64w4/v32w4,10,10,160,10,160,shexp.up,13.956,0.7,469.6,132.1
1,v16,v64w4/k40,v64w4/v32w4,10,10,160,10,160,shexp.down,8.575,0.4,382.1,143.3
1,v16,v64w4/k40,v64w4/v32w4,10,10,160,10,160,combine,2.905,0.1,0.0,42.3
1,v16,v64w4/k40,v64w4/v32w4,10,10,160,10,160,block,253.545,12.2,,
1,v32,v16/k40,v64w4/v32w4,10,10,160,10,160,router,13.442,0.6,195.4,195.8
1,v32,v16/k40,v64w4/v32w4,10,10,160,10,160,router.sum,0.983,0.0,0.0,0.0
1,v32,v16/k40,v64w4/v32w4,10,10,160,10,160,route,5.417,0.3,0.0,0.0
1,v32,v16/k40,v64w4/v32w4,10,10,160,10,160,perm.up,2.431,0.1,0.0,0.0
1,v32,v16/k40,v64w4/v32w4,10,10,160,10,160,up,162.518,7.8,6452.1,113.4
1,v32,v16/k40,v64w4/v32w4,10,10,160,10,160,down,61.609,3.0,8509.9,199.5
1,v32,v16/k40,v64w4/v32w4,10,10,160,10,160,shexp.up,14.299,0.7,458.3,128.9
1,v32,v16/k40,v64w4/v32w4,10,10,160,10,160,shexp.down,8.583,0.4,381.8,143.2
1,v32,v16/k40,v64w4/v32w4,10,10,160,10,160,combine,2.912,0.1,0.0,42.2
1,v32,v16/k40,v64w4/v32w4,10,10,160,10,160,block,272.194,13.1,,
1,v32,v32/k40,v64w4/v32w4,10,10,160,10,160,router,13.357,0.6,196.6,197.0
1,v32,v32/k40,v64w4/v32w4,10,10,160,10,160,router.sum,0.903,0.0,0.0,0.0
1,v32,v32/k40,v64w4/v32w4,10,10,160,10,160,route,5.377,0.3,0.0,0.0
1,v32,v32/k40,v64w4/v32w4,10,10,160,10,160,perm.up,2.424,0.1,0.0,0.0
1,v32,v32/k40,v64w4/v32w4,10,10,160,10,160,up,160.213,7.7,6544.9,115.0
1,v32,v32/k40,v64w4/v32w4,10,10,160,10,160,down,63.715,3.1,8228.6,192.9
1,v32,v32/k40,v64w4/v32w4,10,10,160,10,160,shexp.up,13.963,0.7,469.4,132.0
1,v32,v32/k40,v64w4/v32w4,10,10,160,10,160,shexp.down,8.515,0.4,384.8,144.3
1,v32,v32/k40,v64w4/v32w4,10,10,160,10,160,combine,2.925,0.1,0.0,42.0
1,v32,v32/k40,v64w4/v32w4,10,10,160,10,160,block,271.392,13.0,,
1,v32,v64/k40,v64w4/v32w4,10,10,160,10,160,router,13.409,0.6,195.9,196.3
1,v32,v64/k40,v64w4/v32w4,10,10,160,10,160,router.sum,0.931,0.0,0.0,0.0
1,v32,v64/k40,v64w4/v32w4,10,10,160,10,160,route,5.422,0.3,0.0,0.0
1,v32,v64/k40,v64w4/v32w4,10,10,160,10,160,perm.up,2.414,0.1,0.0,0.0
1,v32,v64/k40,v64w4/v32w4,10,10,160,10,160,up,161.784,7.8,6481.3,113.9
1,v32,v64/k40,v64w4/v32w4,10,10,160,10,160,down,72.336,3.5,7248.0,169.9
1,v32,v64/k40,v64w4/v32w4,10,10,160,10,160,shexp.up,14.281,0.7,458.9,129.1
1,v32,v64/k40,v64w4/v32w4,10,10,160,10,160,shexp.down,8.618,0.4,380.2,142.6
1,v32,v64/k40,v64w4/v32w4,10,10,160,10,160,combine,2.932,0.1,0.0,41.9
1,v32,v64/k40,v64w4/v32w4,10,10,160,10,160,block,282.127,13.5,,
1,v32,v16w4/k40,v64w4/v32w4,10,10,160,10,160,router,13.532,0.6,194.1,194.5
1,v32,v16w4/k40,v64w4/v32w4,10,10,160,10,160,router.sum,0.926,0.0,0.0,0.0
1,v32,v16w4/k40,v64w4/v32w4,10,10,160,10,160,route,5.385,0.3,0.0,0.0
1,v32,v16w4/k40,v64w4/v32w4,10,10,160,10,160,perm.up,2.426,0.1,0.0,0.0
1,v32,v16w4/k40,v64w4/v32w4,10,10,160,10,160,up,162.355,7.8,6458.5,113.5
1,v32,v16w4/k40,v64w4/v32w4,10,10,160,10,160,down,57.403,2.8,9133.5,214.1
1,v32,v16w4/k40,v64w4/v32w4,10,10,160,10,160,shexp.up,14.687,0.7,446.2,125.5
1,v32,v16w4/k40,v64w4/v32w4,10,10,160,10,160,shexp.down,8.966,0.4,365.5,137.1
1,v32,v16w4/k40,v64w4/v32w4,10,10,160,10,160,combine,2.922,0.1,0.0,42.1
1,v32,v16w4/k40,v64w4/v32w4,10,10,160,10,160,block,268.602,12.9,,
1,v32,v32w4/k40,v64w4/v32w4,10,10,160,10,160,router,13.552,0.7,193.8,194.2
1,v32,v32w4/k40,v64w4/v32w4,10,10,160,10,160,router.sum,0.928,0.0,0.0,0.0
1,v32,v32w4/k40,v64w4/v32w4,10,10,160,10,160,route,5.372,0.3,0.0,0.0
1,v32,v32w4/k40,v64w4/v32w4,10,10,160,10,160,perm.up,2.431,0.1,0.0,0.0
1,v32,v32w4/k40,v64w4/v32w4,10,10,160,10,160,up,159.883,7.7,6558.4,115.3
1,v32,v32w4/k40,v64w4/v32w4,10,10,160,10,160,down,59.036,2.8,8880.8,208.1
1,v32,v32w4/k40,v64w4/v32w4,10,10,160,10,160,shexp.up,13.893,0.7,471.7,132.7
1,v32,v32w4/k40,v64w4/v32w4,10,10,160,10,160,shexp.down,8.490,0.4,386.0,144.7
1,v32,v32w4/k40,v64w4/v32w4,10,10,160,10,160,combine,2.925,0.1,0.0,42.0
1,v32,v32w4/k40,v64w4/v32w4,10,10,160,10,160,block,266.510,12.8,,
1,v32,v64w4/k40,v64w4/v32w4,10,10,160,10,160,router,13.497,0.6,194.6,195.0
1,v32,v64w4/k40,v64w4/v32w4,10,10,160,10,160,router.sum,0.903,0.0,0.0,0.0
1,v32,v64w4/k40,v64w4/v32w4,10,10,160,10,160,route,5.387,0.3,0.0,0.0
1,v32,v64w4/k40,v64w4/v32w4,10,10,160,10,160,perm.up,2.431,0.1,0.0,0.0
1,v32,v64w4/k40,v64w4/v32w4,10,10,160,10,160,up,160.271,7.7,6542.5,115.0
1,v32,v64w4/k40,v64w4/v32w4,10,10,160,10,160,down,61.398,2.9,8539.2,200.1
1,v32,v64w4/k40,v64w4/v32w4,10,10,160,10,160,shexp.up,13.923,0.7,470.7,132.4
1,v32,v64w4/k40,v64w4/v32w4,10,10,160,10,160,shexp.down,8.495,0.4,385.7,144.6
1,v32,v64w4/k40,v64w4/v32w4,10,10,160,10,160,combine,2.922,0.1,0.0,42.1
1,v32,v64w4/k40,v64w4/v32w4,10,10,160,10,160,block,269.227,12.9,,
1,v64,v16/k40,v64w4/v32w4,10,10,160,10,160,router,13.522,0.6,194.2,194.6
1,v64,v16/k40,v64w4/v32w4,10,10,160,10,160,router.sum,0.921,0.0,0.0,0.0
1,v64,v16/k40,v64w4/v32w4,10,10,160,10,160,route,5.380,0.3,0.0,0.0
1,v64,v16/k40,v64w4/v32w4,10,10,160,10,160,perm.up,2.421,0.1,0.0,0.0
1,v64,v16/k40,v64w4/v32w4,10,10,160,10,160,up,186.303,8.9,5628.3,98.9
1,v64,v16/k40,v64w4/v32w4,10,10,160,10,160,down,60.774,2.9,8626.8,202.2
1,v64,v16/k40,v64w4/v32w4,10,10,160,10,160,shexp.up,13.885,0.7,472.0,132.7
1,v64,v16/k40,v64w4/v32w4,10,10,160,10,160,shexp.down,8.563,0.4,382.7,143.5
1,v64,v16/k40,v64w4/v32w4,10,10,160,10,160,combine,2.920,0.1,0.0,42.1
1,v64,v16/k40,v64w4/v32w4,10,10,160,10,160,block,294.689,14.1,,
1,v64,v32/k40,v64w4/v32w4,10,10,160,10,160,router,13.482,0.6,194.8,195.2
1,v64,v32/k40,v64w4/v32w4,10,10,160,10,160,router.sum,0.893,0.0,0.0,0.0
1,v64,v32/k40,v64w4/v32w4,10,10,160,10,160,route,5.377,0.3,0.0,0.0
1,v64,v32/k40,v64w4/v32w4,10,10,160,10,160,perm.up,2.429,0.1,0.0,0.0
1,v64,v32/k40,v64w4/v32w4,10,10,160,10,160,up,186.849,9.0,5611.9,98.6
1,v64,v32/k40,v64w4/v32w4,10,10,160,10,160,down,63.712,3.1,8229.0,192.9
1,v64,v32/k40,v64w4/v32w4,10,10,160,10,160,shexp.up,13.953,0.7,469.7,132.1
1,v64,v32/k40,v64w4/v32w4,10,10,160,10,160,shexp.down,8.473,0.4,386.7,145.0
1,v64,v32/k40,v64w4/v32w4,10,10,160,10,160,combine,2.922,0.1,0.0,42.1
1,v64,v32/k40,v64w4/v32w4,10,10,160,10,160,block,298.090,14.3,,
1,v64,v64/k40,v64w4/v32w4,10,10,160,10,160,router,13.515,0.6,194.3,194.7
1,v64,v64/k40,v64w4/v32w4,10,10,160,10,160,router.sum,0.916,0.0,0.0,0.0
1,v64,v64/k40,v64w4/v32w4,10,10,160,10,160,route,5.390,0.3,0.0,0.0
1,v64,v64/k40,v64w4/v32w4,10,10,160,10,160,perm.up,2.411,0.1,0.0,0.0
1,v64,v64/k40,v64w4/v32w4,10,10,160,10,160,up,186.584,9.0,5619.9,98.8
1,v64,v64/k40,v64w4/v32w4,10,10,160,10,160,down,70.623,3.4,7423.8,174.0
1,v64,v64/k40,v64w4/v32w4,10,10,160,10,160,shexp.up,13.870,0.7,472.5,132.9
1,v64,v64/k40,v64w4/v32w4,10,10,160,10,160,shexp.down,8.423,0.4,389.0,145.9
1,v64,v64/k40,v64w4/v32w4,10,10,160,10,160,combine,2.907,0.1,0.0,42.3
1,v64,v64/k40,v64w4/v32w4,10,10,160,10,160,block,304.639,14.6,,
1,v64,v16w4/k40,v64w4/v32w4,10,10,160,10,160,router,13.475,0.6,194.9,195.3
1,v64,v16w4/k40,v64w4/v32w4,10,10,160,10,160,router.sum,0.916,0.0,0.0,0.0
1,v64,v16w4/k40,v64w4/v32w4,10,10,160,10,160,route,5.377,0.3,0.0,0.0
1,v64,v16w4/k40,v64w4/v32w4,10,10,160,10,160,perm.up,2.434,0.1,0.0,0.0
1,v64,v16w4/k40,v64w4/v32w4,10,10,160,10,160,up,187.360,9.0,5596.6,98.4
1,v64,v16w4/k40,v64w4/v32w4,10,10,160,10,160,down,57.611,2.8,9100.5,213.3
1,v64,v16w4/k40,v64w4/v32w4,10,10,160,10,160,shexp.up,14.163,0.7,462.7,130.1
1,v64,v16w4/k40,v64w4/v32w4,10,10,160,10,160,shexp.down,8.558,0.4,382.9,143.6
1,v64,v16w4/k40,v64w4/v32w4,10,10,160,10,160,combine,2.922,0.1,0.0,42.1
1,v64,v16w4/k40,v64w4/v32w4,10,10,160,10,160,block,292.816,14.1,,
1,v64,v32w4/k40,v64w4/v32w4,10,10,160,10,160,router,13.517,0.6,194.3,194.7
1,v64,v32w4/k40,v64w4/v32w4,10,10,160,10,160,router.sum,0.888,0.0,0.0,0.0
1,v64,v32w4/k40,v64w4/v32w4,10,10,160,10,160,route,5.372,0.3,0.0,0.0
1,v64,v32w4/k40,v64w4/v32w4,10,10,160,10,160,perm.up,2.419,0.1,0.0,0.0
1,v64,v32w4/k40,v64w4/v32w4,10,10,160,10,160,up,186.113,8.9,5634.1,99.0
1,v64,v32w4/k40,v64w4/v32w4,10,10,160,10,160,down,59.194,2.8,8857.1,207.6
1,v64,v32w4/k40,v64w4/v32w4,10,10,160,10,160,shexp.up,13.915,0.7,471.0,132.5
1,v64,v32w4/k40,v64w4/v32w4,10,10,160,10,160,shexp.down,8.883,0.4,368.9,138.3
1,v64,v32w4/k40,v64w4/v32w4,10,10,160,10,160,combine,2.925,0.1,0.0,42.0
1,v64,v32w4/k40,v64w4/v32w4,10,10,160,10,160,block,293.226,14.1,,
1,v64,v64w4/k40,v64w4/v32w4,10,10,160,10,160,router,14.644,0.7,179.4,179.7
1,v64,v64w4/k40,v64w4/v32w4,10,10,160,10,160,router.sum,0.913,0.0,0.0,0.0
1,v64,v64w4/k40,v64w4/v32w4,10,10,160,10,160,route,5.390,0.3,0.0,0.0
1,v64,v64w4/k40,v64w4/v32w4,10,10,160,10,160,perm.up,2.424,0.1,0.0,0.0
1,v64,v64w4/k40,v64w4/v32w4,10,10,160,10,160,up,187.357,9.0,5596.7,98.4
1,v64,v64w4/k40,v64w4/v32w4,10,10,160,10,160,down,60.404,2.9,8679.7,203.4
1,v64,v64w4/k40,v64w4/v32w4,10,10,160,10,160,shexp.up,14.241,0.7,460.2,129.4
1,v64,v64w4/k40,v64w4/v32w4,10,10,160,10,160,shexp.down,8.570,0.4,382.4,143.4
1,v64,v64w4/k40,v64w4/v32w4,10,10,160,10,160,combine,2.930,0.1,0.0,41.9
1,v64,v64w4/k40,v64w4/v32w4,10,10,160,10,160,block,296.873,14.2,,
1,v16w4,v16/k40,v64w4/v32w4,10,10,160,10,160,router,13.422,0.6,195.7,196.1
1,v16w4,v16/k40,v64w4/v32w4,10,10,160,10,160,router.sum,0.916,0.0,0.0,0.0
1,v16w4,v16/k40,v64w4/v32w4,10,10,160,10,160,route,5.385,0.3,0.0,0.0
1,v16w4,v16/k40,v64w4/v32w4,10,10,160,10,160,perm.up,2.409,0.1,0.0,0.0
1,v16w4,v16/k40,v64w4/v32w4,10,10,160,10,160,up,114.299,5.5,9174.0,161.3
1,v16w4,v16/k40,v64w4/v32w4,10,10,160,10,160,down,60.467,2.9,8670.6,203.2
1,v16w4,v16/k40,v64w4/v32w4,10,10,160,10,160,shexp.up,13.858,0.7,472.9,133.0
1,v16w4,v16/k40,v64w4/v32w4,10,10,160,10,160,shexp.down,8.588,0.4,381.6,143.1
1,v16w4,v16/k40,v64w4/v32w4,10,10,160,10,160,combine,2.917,0.1,0.0,42.1
1,v16w4,v16/k40,v64w4/v32w4,10,10,160,10,160,block,222.261,10.7,,
1,v16w4,v32/k40,v64w4/v32w4,10,10,160,10,160,router,13.650,0.7,192.4,192.8
1,v16w4,v32/k40,v64w4/v32w4,10,10,160,10,160,router.sum,0.908,0.0,0.0,0.0
1,v16w4,v32/k40,v64w4/v32w4,10,10,160,10,160,route,5.380,0.3,0.0,0.0
1,v16w4,v32/k40,v64w4/v32w4,10,10,160,10,160,perm.up,2.424,0.1,0.0,0.0
1,v16w4,v32/k40,v64w4/v32w4,10,10,160,10,160,up,113.189,5.4,9263.9,162.8
1,v16w4,v32/k40,v64w4/v32w4,10,10,160,10,160,down,63.785,3.1,8219.6,192.6
1,v16w4,v32/k40,v64w4/v32w4,10,10,160,10,160,shexp.up,13.863,0.7,472.7,133.0
1,v16w4,v32/k40,v64w4/v32w4,10,10,160,10,160,shexp.down,8.533,0.4,384.0,144.0
1,v16w4,v32/k40,v64w4/v32w4,10,10,160,10,160,combine,2.935,0.1,0.0,41.9
1,v16w4,v32/k40,v64w4/v32w4,10,10,160,10,160,block,224.667,10.8,,
1,v16w4,v64/k40,v64w4/v32w4,10,10,160,10,160,router,13.557,0.7,193.7,194.1
1,v16w4,v64/k40,v64w4/v32w4,10,10,160,10,160,router.sum,0.936,0.0,0.0,0.0
1,v16w4,v64/k40,v64w4/v32w4,10,10,160,10,160,route,5.372,0.3,0.0,0.0
1,v16w4,v64/k40,v64w4/v32w4,10,10,160,10,160,perm.up,2.419,0.1,0.0,0.0
1,v16w4,v64/k40,v64w4/v32w4,10,10,160,10,160,up,113.705,5.5,9221.9,162.1
1,v16w4,v64/k40,v64w4/v32w4,10,10,160,10,160,down,72.807,3.5,7201.1,168.8
1,v16w4,v64/k40,v64w4/v32w4,10,10,160,10,160,shexp.up,13.963,0.7,469.4,132.0
1,v16w4,v64/k40,v64w4/v32w4,10,10,160,10,160,shexp.down,8.480,0.4,386.4,144.9
1,v16w4,v64/k40,v64w4/v32w4,10,10,160,10,160,combine,2.947,0.1,0.0,41.7
1,v16w4,v64/k40,v64w4/v32w4,10,10,160,10,160,block,234.186,11.2,,
1,v16w4,v16w4/k40,v64w4/v32w4,10,10,160,10,160,router,13.419,0.6,195.7,196.1
1,v16w4,v16w4/k40,v64w4/v32w4,10,10,160,10,160,router.sum,0.931,0.0,0.0,0.0
1,v16w4,v16w4/k40,v64w4/v32w4,10,10,160,10,160,route,5.362,0.3,0.0,0.0
1,v16w4,v16w4/k40,v64w4/v32w4,10,10,160,10,160,perm.up,2.426,0.1,0.0,0.0
1,v16w4,v16w4/k40,v64w4/v32w4,10,10,160,10,160,up,114.181,5.5,9183.5,161.4
1,v16w4,v16w4/k40,v64w4/v32w4,10,10,160,10,160,down,57.030,2.7,9193.2,215.5
1,v16w4,v16w4/k40,v64w4/v32w4,10,10,160,10,160,shexp.up,14.016,0.7,467.6,131.5
1,v16w4,v16w4/k40,v64w4/v32w4,10,10,160,10,160,shexp.down,8.458,0.4,387.4,145.3
1,v16w4,v16w4/k40,v64w4/v32w4,10,10,160,10,160,combine,2.920,0.1,0.0,42.1
1,v16w4,v16w4/k40,v64w4/v32w4,10,10,160,10,160,block,218.743,10.5,,
1,v16w4,v32w4/k40,v64w4/v32w4,10,10,160,10,160,router,13.419,0.6,195.7,196.1
1,v16w4,v32w4/k40,v64w4/v32w4,10,10,160,10,160,router.sum,0.913,0.0,0.0,0.0
1,v16w4,v32w4/k40,v64w4/v32w4,10,10,160,10,160,route,5.367,0.3,0.0,0.0
1,v16w4,v32w4/k40,v64w4/v32w4,10,10,160,10,160,perm.up,2.441,0.1,0.0,0.0
1,v16w4,v32w4/k40,v64w4/v32w4,10,10,160,10,160,up,113.525,5.4,9236.5,162.4
1,v16w4,v32w4/k40,v64w4/v32w4,10,10,160,10,160,down,59.970,2.9,8742.5,204.9
1,v16w4,v32w4/k40,v64w4/v32w4,10,10,160,10,160,shexp.up,14.366,0.7,456.2,128.3
1,v16w4,v32w4/k40,v64w4/v32w4,10,10,160,10,160,shexp.down,8.588,0.4,381.6,143.1
1,v16w4,v32w4/k40,v64w4/v32w4,10,10,160,10,160,combine,2.927,0.1,0.0,42.0
1,v16w4,v32w4/k40,v64w4/v32w4,10,10,160,10,160,block,221.516,10.6,,
1,v16w4,v64w4/k40,v64w4/v32w4,10,10,160,10,160,router,13.455,0.6,195.2,195.6
1,v16w4,v64w4/k40,v64w4/v32w4,10,10,160,10,160,router.sum,0.918,0.0,0.0,0.0
1,v16w4,v64w4/k40,v64w4/v32w4,10,10,160,10,160,route,5.392,0.3,0.0,0.0
1,v16w4,v64w4/k40,v64w4/v32w4,10,10,160,10,160,perm.up,2.441,0.1,0.0,0.0
1,v16w4,v64w4/k40,v64w4/v32w4,10,10,160,10,160,up,114.464,5.5,9160.7,161.0
1,v16w4,v64w4/k40,v64w4/v32w4,10,10,160,10,160,down,59.975,2.9,8741.8,204.9
1,v16w4,v64w4/k40,v64w4/v32w4,10,10,160,10,160,shexp.up,13.968,0.7,469.2,132.0
1,v16w4,v64w4/k40,v64w4/v32w4,10,10,160,10,160,shexp.down,8.488,0.4,386.1,144.8
1,v16w4,v64w4/k40,v64w4/v32w4,10,10,160,10,160,combine,2.927,0.1,0.0,42.0
1,v16w4,v64w4/k40,v64w4/v32w4,10,10,160,10,160,block,222.028,10.7,,
1,v32w4,v16/k40,v64w4/v32w4,10,10,160,10,160,router,13.595,0.7,193.2,193.6
1,v32w4,v16/k40,v64w4/v32w4,10,10,160,10,160,router.sum,0.903,0.0,0.0,0.0
1,v32w4,v16/k40,v64w4/v32w4,10,10,160,10,160,route,5.392,0.3,0.0,0.0
1,v32w4,v16/k40,v64w4/v32w4,10,10,160,10,160,perm.up,2.416,0.1,0.0,0.0
1,v32w4,v16/k40,v64w4/v32w4,10,10,160,10,160,up,98.924,4.7,10599.8,186.3
1,v32w4,v16/k40,v64w4/v32w4,10,10,160,10,160,down,60.406,2.9,8679.4,203.4
1,v32w4,v16/k40,v64w4/v32w4,10,10,160,10,160,shexp.up,13.933,0.7,470.4,132.3
1,v32w4,v16/k40,v64w4/v32w4,10,10,160,10,160,shexp.down,8.563,0.4,382.7,143.5
1,v32w4,v16/k40,v64w4/v32w4,10,10,160,10,160,combine,2.910,0.1,0.0,42.2
1,v32w4,v16/k40,v64w4/v32w4,10,10,160,10,160,block,207.042,9.9,,
1,v32w4,v32/k40,v64w4/v32w4,10,10,160,10,160,router,13.332,0.6,197.0,197.4
1,v32w4,v32/k40,v64w4/v32w4,10,10,160,10,160,router.sum,0.913,0.0,0.0,0.0
1,v32w4,v32/k40,v64w4/v32w4,10,10,160,10,160,route,5.375,0.3,0.0,0.0
1,v32w4,v32/k40,v64w4/v32w4,10,10,160,10,160,perm.up,2.414,0.1,0.0,0.0
1,v32w4,v32/k40,v64w4/v32w4,10,10,160,10,160,up,99.015,4.8,10590.1,186.2
1,v32w4,v32/k40,v64w4/v32w4,10,10,160,10,160,down,63.680,3.1,8233.2,193.0
1,v32w4,v32/k40,v64w4/v32w4,10,10,160,10,160,shexp.up,13.893,0.7,471.7,132.7
1,v32w4,v32/k40,v64w4/v32w4,10,10,160,10,160,shexp.down,8.490,0.4,386.0,144.7
1,v32w4,v32/k40,v64w4/v32w4,10,10,160,10,160,combine,2.902,0.1,0.0,42.3
1,v32w4,v32/k40,v64w4/v32w4,10,10,160,10,160,block,210.014,10.1,,
1,v32w4,v64/k40,v64w4/v32w4,10,10,160,10,160,router,13.364,0.6,196.5,196.9
1,v32w4,v64/k40,v64w4/v32w4,10,10,160,10,160,router.sum,0.918,0.0,0.0,0.0
1,v32w4,v64/k40,v64w4/v32w4,10,10,160,10,160,route,5.382,0.3,0.0,0.0
1,v32w4,v64/k40,v64w4/v32w4,10,10,160,10,160,perm.up,2.421,0.1,0.0,0.0
1,v32w4,v64/k40,v64w4/v32w4,10,10,160,10,160,up,99.325,4.8,10557.0,185.6
1,v32w4,v64/k40,v64w4/v32w4,10,10,160,10,160,down,70.751,3.4,7410.3,173.7
1,v32w4,v64/k40,v64w4/v32w4,10,10,160,10,160,shexp.up,13.888,0.7,471.9,132.7
1,v32w4,v64/k40,v64w4/v32w4,10,10,160,10,160,shexp.down,8.458,0.4,387.4,145.3
1,v32w4,v64/k40,v64w4/v32w4,10,10,160,10,160,combine,2.910,0.1,0.0,42.2
1,v32w4,v64/k40,v64w4/v32w4,10,10,160,10,160,block,217.417,10.4,,
1,v32w4,v16w4/k40,v64w4/v32w4,10,10,160,10,160,router,13.427,0.6,195.6,196.0
1,v32w4,v16w4/k40,v64w4/v32w4,10,10,160,10,160,router.sum,0.906,0.0,0.0,0.0
1,v32w4,v16w4/k40,v64w4/v32w4,10,10,160,10,160,route,5.375,0.3,0.0,0.0
1,v32w4,v16w4/k40,v64w4/v32w4,10,10,160,10,160,perm.up,2.416,0.1,0.0,0.0
1,v32w4,v16w4/k40,v64w4/v32w4,10,10,160,10,160,up,99.195,4.8,10570.9,185.8
1,v32w4,v16w4/k40,v64w4/v32w4,10,10,160,10,160,down,57.856,2.8,9061.9,212.4
1,v32w4,v16w4/k40,v64w4/v32w4,10,10,160,10,160,shexp.up,14.324,0.7,457.5,128.7
1,v32w4,v16w4/k40,v64w4/v32w4,10,10,160,10,160,shexp.down,8.578,0.4,382.0,143.3
1,v32w4,v16w4/k40,v64w4/v32w4,10,10,160,10,160,combine,2.922,0.1,0.0,42.1
1,v32w4,v16w4/k40,v64w4/v32w4,10,10,160,10,160,block,204.999,9.8,,
1,v32w4,v32w4/k40,v64w4/v32w4,10,10,160,10,160,router,13.372,0.6,196.4,196.8
1,v32w4,v32w4/k40,v64w4/v32w4,10,10,160,10,160,router.sum,0.926,0.0,0.0,0.0
1,v32w4,v32w4/k40,v64w4/v32w4,10,10,160,10,160,route,5.407,0.3,0.0,0.0
1,v32w4,v32w4/k40,v64w4/v32w4,10,10,160,10,160,perm.up,2.441,0.1,0.0,0.0
1,v32w4,v32w4/k40,v64w4/v32w4,10,10,160,10,160,up,99.020,4.8,10589.5,186.1
1,v32w4,v32w4/k40,v64w4/v32w4,10,10,160,10,160,down,59.407,2.9,8825.4,206.8
1,v32w4,v32w4/k40,v64w4/v32w4,10,10,160,10,160,shexp.up,13.843,0.7,473.4,133.2
1,v32w4,v32w4/k40,v64w4/v32w4,10,10,160,10,160,shexp.down,8.538,0.4,383.8,143.9
1,v32w4,v32w4/k40,v64w4/v32w4,10,10,160,10,160,combine,2.902,0.1,0.0,42.3
1,v32w4,v32w4/k40,v64w4/v32w4,10,10,160,10,160,block,205.856,9.9,,
1,v32w4,v64w4/k40,v64w4/v32w4,10,10,160,10,160,router,13.512,0.6,194.4,194.8
1,v32w4,v64w4/k40,v64w4/v32w4,10,10,160,10,160,router.sum,0.908,0.0,0.0,0.0
1,v32w4,v64w4/k40,v64w4/v32w4,10,10,160,10,160,route,5.380,0.3,0.0,0.0
1,v32w4,v64w4/k40,v64w4/v32w4,10,10,160,10,160,perm.up,2.424,0.1,0.0,0.0
1,v32w4,v64w4/k40,v64w4/v32w4,10,10,160,10,160,up,99.273,4.8,10562.5,185.7
1,v32w4,v64w4/k40,v64w4/v32w4,10,10,160,10,160,down,59.479,2.9,8814.7,206.6
1,v32w4,v64w4/k40,v64w4/v32w4,10,10,160,10,160,shexp.up,13.895,0.7,471.7,132.7
1,v32w4,v64w4/k40,v64w4/v32w4,10,10,160,10,160,shexp.down,8.513,0.4,384.9,144.3
1,v32w4,v64w4/k40,v64w4/v32w4,10,10,160,10,160,combine,2.922,0.1,0.0,42.1
1,v32w4,v64w4/k40,v64w4/v32w4,10,10,160,10,160,block,206.306,9.9,,
1,v64w4,v16/k40,v64w4/v32w4,10,10,160,10,160,router,13.449,0.6,195.3,195.7
1,v64w4,v16/k40,v64w4/v32w4,10,10,160,10,160,router.sum,0.903,0.0,0.0,0.0
1,v64w4,v16/k40,v64w4/v32w4,10,10,160,10,160,route,5.385,0.3,0.0,0.0
1,v64w4,v16/k40,v64w4/v32w4,10,10,160,10,160,perm.up,2.424,0.1,0.0,0.0
1,v64w4,v16/k40,v64w4/v32w4,10,10,160,10,160,up,98.667,4.7,10627.4,186.8
1,v64w4,v16/k40,v64w4/v32w4,10,10,160,10,160,down,60.416,2.9,8678.0,203.4
1,v64w4,v16/k40,v64w4/v32w4,10,10,160,10,160,shexp.up,13.961,0.7,469.4,132.0
1,v64w4,v16/k40,v64w4/v32w4,10,10,160,10,160,shexp.down,8.433,0.4,388.6,145.7
1,v64w4,v16/k40,v64w4/v32w4,10,10,160,10,160,combine,2.925,0.1,0.0,42.0
1,v64w4,v16/k40,v64w4/v32w4,10,10,160,10,160,block,206.563,9.9,,
1,v64w4,v32/k40,v64w4/v32w4,10,10,160,10,160,router,13.510,0.6,194.4,194.8
1,v64w4,v32/k40,v64w4/v32w4,10,10,160,10,160,router.sum,0.913,0.0,0.0,0.0
1,v64w4,v32/k40,v64w4/v32w4,10,10,160,10,160,route,5.382,0.3,0.0,0.0
1,v64w4,v32/k40,v64w4/v32w4,10,10,160,10,160,perm.up,2.419,0.1,0.0,0.0
1,v64w4,v32/k40,v64w4/v32w4,10,10,160,10,160,up,98.985,4.8,10593.3,186.2
1,v64w4,v32/k40,v64w4/v32w4,10,10,160,10,160,down,65.268,3.1,8032.8,188.3
1,v64w4,v32/k40,v64w4/v32w4,10,10,160,10,160,shexp.up,14.241,0.7,460.2,129.4
1,v64w4,v32/k40,v64w4/v32w4,10,10,160,10,160,shexp.down,8.628,0.4,379.8,142.4
1,v64w4,v32/k40,v64w4/v32w4,10,10,160,10,160,combine,2.952,0.1,0.0,41.6
1,v64w4,v32/k40,v64w4/v32w4,10,10,160,10,160,block,212.298,10.2,,
1,v64w4,v64/k40,v64w4/v32w4,10,10,160,10,160,router,13.394,0.6,196.1,196.5
1,v64w4,v64/k40,v64w4/v32w4,10,10,160,10,160,router.sum,0.906,0.0,0.0,0.0
1,v64w4,v64/k40,v64w4/v32w4,10,10,160,10,160,route,5.392,0.3,0.0,0.0
1,v64w4,v64/k40,v64w4/v32w4,10,10,160,10,160,perm.up,2.429,0.1,0.0,0.0
1,v64w4,v64/k40,v64w4/v32w4,10,10,160,10,160,up,99.641,4.8,10523.5,185.0
1,v64w4,v64/k40,v64w4/v32w4,10,10,160,10,160,down,70.641,3.4,7421.9,173.9
1,v64w4,v64/k40,v64w4/v32w4,10,10,160,10,160,shexp.up,13.958,0.7,469.5,132.1
1,v64w4,v64/k40,v64w4/v32w4,10,10,160,10,160,shexp.down,8.523,0.4,384.5,144.2
1,v64w4,v64/k40,v64w4/v32w4,10,10,160,10,160,combine,2.907,0.1,0.0,42.3
1,v64w4,v64/k40,v64w4/v32w4,10,10,160,10,160,block,217.791,10.5,,
1,v64w4,v16w4/k40,v64w4/v32w4,10,10,160,10,160,router,13.445,0.6,195.4,195.7
1,v64w4,v16w4/k40,v64w4/v32w4,10,10,160,10,160,router.sum,0.898,0.0,0.0,0.0
1,v64w4,v16w4/k40,v64w4/v32w4,10,10,160,10,160,route,5.390,0.3,0.0,0.0
1,v64w4,v16w4/k40,v64w4/v32w4,10,10,160,10,160,perm.up,2.414,0.1,0.0,0.0
1,v64w4,v16w4/k40,v64w4/v32w4,10,10,160,10,160,up,98.719,4.7,10621.8,186.7
1,v64w4,v16w4/k40,v64w4/v32w4,10,10,160,10,160,down,57.022,2.7,9194.5,215.5
1,v64w4,v16w4/k40,v64w4/v32w4,10,10,160,10,160,shexp.up,13.976,0.7,468.9,131.9
1,v64w4,v16w4/k40,v64w4/v32w4,10,10,160,10,160,shexp.down,8.443,0.4,388.1,145.5
1,v64w4,v16w4/k40,v64w4/v32w4,10,10,160,10,160,combine,2.905,0.1,0.0,42.3
1,v64w4,v16w4/k40,v64w4/v32w4,10,10,160,10,160,block,203.212,9.8,,
1,v64w4,v32w4/k40,v64w4/v32w4,10,10,160,10,160,router,13.439,0.6,195.4,195.8
1,v64w4,v32w4/k40,v64w4/v32w4,10,10,160,10,160,router.sum,0.911,0.0,0.0,0.0
1,v64w4,v32w4/k40,v64w4/v32w4,10,10,160,10,160,route,5.375,0.3,0.0,0.0
1,v64w4,v32w4/k40,v64w4/v32w4,10,10,160,10,160,perm.up,2.416,0.1,0.0,0.0
1,v64w4,v32w4/k40,v64w4/v32w4,10,10,160,10,160,up,98.409,4.7,10655.3,187.3
1,v64w4,v32w4/k40,v64w4/v32w4,10,10,160,10,160,down,59.124,2.8,8867.6,207.8
1,v64w4,v32w4/k40,v64w4/v32w4,10,10,160,10,160,shexp.up,14.023,0.7,467.3,131.4
1,v64w4,v32w4/k40,v64w4/v32w4,10,10,160,10,160,shexp.down,8.395,0.4,390.3,146.4
1,v64w4,v32w4/k40,v64w4/v32w4,10,10,160,10,160,combine,2.920,0.1,0.0,42.1
1,v64w4,v32w4/k40,v64w4/v32w4,10,10,160,10,160,block,205.012,9.8,,
1,v64w4,v64w4/k40,v64w4/v32w4,10,10,160,10,160,router,13.384,0.6,196.2,196.6
1,v64w4,v64w4/k40,v64w4/v32w4,10,10,160,10,160,router.sum,0.888,0.0,0.0,0.0
1,v64w4,v64w4/k40,v64w4/v32w4,10,10,160,10,160,route,5.365,0.3,0.0,0.0
1,v64w4,v64w4/k40,v64w4/v32w4,10,10,160,10,160,perm.up,2.426,0.1,0.0,0.0
1,v64w4,v64w4/k40,v64w4/v32w4,10,10,160,10,160,up,98.456,4.7,10650.2,187.2
1,v64w4,v64w4/k40,v64w4/v32w4,10,10,160,10,160,down,59.627,2.9,8792.8,206.1
1,v64w4,v64w4/k40,v64w4/v32w4,10,10,160,10,160,shexp.up,13.938,0.7,470.2,132.2
1,v64w4,v64w4/k40,v64w4/v32w4,10,10,160,10,160,shexp.down,8.378,0.4,391.1,146.7
1,v64w4,v64w4/k40,v64w4/v32w4,10,10,160,10,160,combine,2.922,0.1,0.0,42.1
1,v64w4,v64w4/k40,v64w4/v32w4,10,10,160,10,160,block,205.384,9.9,,
1,v16,m1/k40,v64w4/v32w4,10,10,160,10,160,router,13.910,0.7,188.8,189.2
1,v16,m1/k40,v64w4/v32w4,10,10,160,10,160,router.sum,0.911,0.0,0.0,0.0
1,v16,m1/k40,v64w4/v32w4,10,10,160,10,160,route,5.377,0.3,0.0,0.0
1,v16,m1/k40,v64w4/v32w4,10,10,160,10,160,perm.up,2.409,0.1,0.0,0.0
1,v16,m1/k40,v64w4/v32w4,10,10,160,10,160,up,145.303,7.0,7216.5,126.9
1,v16,m1/k40,v64w4/v32w4,10,10,160,10,160,down,104.498,5.0,5017.2,117.6
1,v16,m1/k40,v64w4/v32w4,10,10,160,10,160,shexp.up,13.973,0.7,469.0,131.9
1,v16,m1/k40,v64w4/v32w4,10,10,160,10,160,shexp.down,8.618,0.4,380.2,142.6
1,v16,m1/k40,v64w4/v32w4,10,10,160,10,160,combine,2.910,0.1,0.0,42.2
1,v16,m1/k40,v64w4/v32w4,10,10,160,10,160,block,297.909,14.3,,
1,v32,m1/k40,v64w4/v32w4,10,10,160,10,160,router,14.038,0.7,187.1,187.5
1,v32,m1/k40,v64w4/v32w4,10,10,160,10,160,router.sum,0.898,0.0,0.0,0.0
1,v32,m1/k40,v64w4/v32w4,10,10,160,10,160,route,5.390,0.3,0.0,0.0
1,v32,m1/k40,v64w4/v32w4,10,10,160,10,160,perm.up,2.424,0.1,0.0,0.0
1,v32,m1/k40,v64w4/v32w4,10,10,160,10,160,up,158.633,7.6,6610.1,116.2
1,v32,m1/k40,v64w4/v32w4,10,10,160,10,160,down,90.188,4.3,5813.3,136.2
1,v32,m1/k40,v64w4/v32w4,10,10,160,10,160,shexp.up,13.743,0.7,476.9,134.1
1,v32,m1/k40,v64w4/v32w4,10,10,160,10,160,shexp.down,8.641,0.4,379.2,142.2
1,v32,m1/k40,v64w4/v32w4,10,10,160,10,160,combine,2.810,0.1,0.0,43.7
1,v32,m1/k40,v64w4/v32w4,10,10,160,10,160,block,296.765,14.2,,
1,v64,m1/k40,v64w4/v32w4,10,10,160,10,160,router,13.845,0.7,189.7,190.1
1,v64,m1/k40,v64w4/v32w4,10,10,160,10,160,router.sum,0.878,0.0,0.0,0.0
1,v64,m1/k40,v64w4/v32w4,10,10,160,10,160,route,5.337,0.3,0.0,0.0
1,v64,m1/k40,v64w4/v32w4,10,10,160,10,160,perm.up,2.406,0.1,0.0,0.0
1,v64,m1/k40,v64w4/v32w4,10,10,160,10,160,up,184.136,8.8,5694.6,100.1
1,v64,m1/k40,v64w4/v32w4,10,10,160,10,160,down,100.465,4.8,5218.6,122.3
1,v64,m1/k40,v64w4/v32w4,10,10,160,10,160,shexp.up,13.996,0.7,468.2,131.7
1,v64,m1/k40,v64w4/v32w4,10,10,160,10,160,shexp.down,8.673,0.4,377.8,141.7
1,v64,m1/k40,v64w4/v32w4,10,10,160,10,160,combine,2.920,0.1,0.0,42.1
1,v64,m1/k40,v64w4/v32w4,10,10,160,10,160,block,332.656,16.0,,
1,v16w4,m1/k40,v64w4/v32w4,10,10,160,10,160,router,13.956,0.7,188.2,188.6
1,v16w4,m1/k40,v64w4/v32w4,10,10,160,10,160,router.sum,0.906,0.0,0.0,0.0
1,v16w4,m1/k40,v64w4/v32w4,10,10,160,10,160,route,5.385,0.3,0.0,0.0
1,v16w4,m1/k40,v64w4/v32w4,10,10,160,10,160,perm.up,2.416,0.1,0.0,0.0
1,v16w4,m1/k40,v64w4/v32w4,10,10,160,10,160,up,114.464,5.5,9160.7,161.0
1,v16w4,m1/k40,v64w4/v32w4,10,10,160,10,160,down,104.440,5.0,5020.0,117.7
1,v16w4,m1/k40,v64w4/v32w4,10,10,160,10,160,shexp.up,13.971,0.7,469.1,131.9
1,v16w4,m1/k40,v64w4/v32w4,10,10,160,10,160,shexp.down,8.691,0.4,377.0,141.4
1,v16w4,m1/k40,v64w4/v32w4,10,10,160,10,160,combine,2.922,0.1,0.0,42.1
1,v16w4,m1/k40,v64w4/v32w4,10,10,160,10,160,block,267.151,12.8,,
1,v32w4,m1/k40,v64w4/v32w4,10,10,160,10,160,router,13.923,0.7,188.6,189.0
1,v32w4,m1/k40,v64w4/v32w4,10,10,160,10,160,router.sum,0.911,0.0,0.0,0.0
1,v32w4,m1/k40,v64w4/v32w4,10,10,160,10,160,route,5.392,0.3,0.0,0.0
1,v32w4,m1/k40,v64w4/v32w4,10,10,160,10,160,perm.up,2.404,0.1,0.0,0.0
1,v32w4,m1/k40,v64w4/v32w4,10,10,160,10,160,up,99.185,4.8,10571.9,185.8
1,v32w4,m1/k40,v64w4/v32w4,10,10,160,10,160,down,104.495,5.0,5017.4,117.6
1,v32w4,m1/k40,v64w4/v32w4,10,10,160,10,160,shexp.up,13.973,0.7,469.0,131.9
1,v32w4,m1/k40,v64w4/v32w4,10,10,160,10,160,shexp.down,8.695,0.4,376.9,141.3
1,v32w4,m1/k40,v64w4/v32w4,10,10,160,10,160,combine,2.920,0.1,0.0,42.1
1,v32w4,m1/k40,v64w4/v32w4,10,10,160,10,160,block,251.898,12.1,,
1,v64w4,m1/k40,v64w4/v32w4,10,10,160,10,160,router,13.986,0.7,187.8,188.2
1,v64w4,m1/k40,v64w4/v32w4,10,10,160,10,160,router.sum,0.908,0.0,0.0,0.0
1,v64w4,m1/k40,v64w4/v32w4,10,10,160,10,160,route,5.372,0.3,0.0,0.0
1,v64w4,m1/k40,v64w4/v32w4,10,10,160,10,160,perm.up,2.416,0.1,0.0,0.0
1,v64w4,m1/k40,v64w4/v32w4,10,10,160,10,160,up,98.787,4.7,10614.5,186.6
1,v64w4,m1/k40,v64w4/v32w4,10,10,160,10,160,down,104.377,5.0,5023.0,117.7
1,v64w4,m1/k40,v64w4/v32w4,10,10,160,10,160,shexp.up,14.008,0.7,467.8,131.6
1,v64w4,m1/k40,v64w4/v32w4,10,10,160,10,160,shexp.down,8.676,0.4,377.7,141.6
1,v64w4,m1/k40,v64w4/v32w4,10,10,160,10,160,combine,2.945,0.1,0.0,41.7
1,v64w4,m1/k40,v64w4/v32w4,10,10,160,10,160,block,251.475,12.1,,
1,n1m1,v16/k40,v64w4/v32w4,10,10,160,10,160,router,13.630,0.7,192.7,193.1
1,n1m1,v16/k40,v64w4/v32w4,10,10,160,10,160,router.sum,0.908,0.0,0.0,0.0
1,n1m1,v16/k40,v64w4/v32w4,10,10,160,10,160,route,5.390,0.3,0.0,0.0
1,n1m1,v16/k40,v64w4/v32w4,10,10,160,10,160,perm.up,2.399,0.1,0.0,0.0
1,n1m1,v16/k40,v64w4/v32w4,10,10,160,10,160,up,241.280,11.6,4345.9,76.4
1,n1m1,v16/k40,v64w4/v32w4,10,10,160,10,160,down,60.311,2.9,8693.1,203.7
1,n1m1,v16/k40,v64w4/v32w4,10,10,160,10,160,shexp.up,13.560,0.7,483.3,135.9
1,n1m1,v16/k40,v64w4/v32w4,10,10,160,10,160,shexp.down,8.357,0.4,392.1,147.0
1,n1m1,v16/k40,v64w4/v32w4,10,10,160,10,160,combine,2.775,0.1,0.0,44.3
1,n1m1,v16/k40,v64w4/v32w4,10,10,160,10,160,block,348.610,16.7,,
1,n1m1,v32/k40,v64w4/v32w4,10,10,160,10,160,router,13.400,0.6,196.0,196.4
1,n1m1,v32/k40,v64w4/v32w4,10,10,160,10,160,router.sum,0.888,0.0,0.0,0.0
1,n1m1,v32/k40,v64w4/v32w4,10,10,160,10,160,route,5.334,0.3,0.0,0.0
1,n1m1,v32/k40,v64w4/v32w4,10,10,160,10,160,perm.up,2.406,0.1,0.0,0.0
1,n1m1,v32/k40,v64w4/v32w4,10,10,160,10,160,up,237.335,11.4,4418.1,77.7
1,n1m1,v32/k40,v64w4/v32w4,10,10,160,10,160,down,63.317,3.0,8280.4,194.1
1,n1m1,v32/k40,v64w4/v32w4,10,10,160,10,160,shexp.up,13.865,0.7,472.7,132.9
1,n1m1,v32/k40,v64w4/v32w4,10,10,160,10,160,shexp.down,8.430,0.4,388.7,145.8
1,n1m1,v32/k40,v64w4/v32w4,10,10,160,10,160,combine,2.802,0.1,0.0,43.9
1,n1m1,v32/k40,v64w4/v32w4,10,10,160,10,160,block,347.777,16.7,,
1,n1m1,v64/k40,v64w4/v32w4,10,10,160,10,160,router,13.422,0.6,195.7,196.1
1,n1m1,v64/k40,v64w4/v32w4,10,10,160,10,160,router.sum,0.871,0.0,0.0,0.0
1,n1m1,v64/k40,v64w4/v32w4,10,10,160,10,160,route,5.342,0.3,0.0,0.0
1,n1m1,v64/k40,v64w4/v32w4,10,10,160,10,160,perm.up,2.394,0.1,0.0,0.0
1,n1m1,v64/k40,v64w4/v32w4,10,10,160,10,160,up,236.989,11.4,4424.6,77.8
1,n1m1,v64/k40,v64w4/v32w4,10,10,160,10,160,down,70.162,3.4,7472.5,175.1
1,n1m1,v64/k40,v64w4/v32w4,10,10,160,10,160,shexp.up,13.750,0.7,476.6,134.1
1,n1m1,v64/k40,v64w4/v32w4,10,10,160,10,160,shexp.down,8.420,0.4,389.2,145.9
1,n1m1,v64/k40,v64w4/v32w4,10,10,160,10,160,combine,2.767,0.1,0.0,44.4
1,n1m1,v64/k40,v64w4/v32w4,10,10,160,10,160,block,354.117,17.0,,
1,n1m1,v16w4/k40,v64w4/v32w4,10,10,160,10,160,router,13.645,0.7,192.5,192.9
1,n1m1,v16w4/k40,v64w4/v32w4,10,10,160,10,160,router.sum,0.896,0.0,0.0,0.0
1,n1m1,v16w4/k40,v64w4/v32w4,10,10,160,10,160,route,5.352,0.3,0.0,0.0
1,n1m1,v16w4/k40,v64w4/v32w4,10,10,160,10,160,perm.up,2.391,0.1,0.0,0.0
1,n1m1,v16w4/k40,v64w4/v32w4,10,10,160,10,160,up,236.594,11.4,4432.0,77.9
1,n1m1,v16w4/k40,v64w4/v32w4,10,10,160,10,160,down,56.887,2.7,9216.3,216.0
1,n1m1,v16w4/k40,v64w4/v32w4,10,10,160,10,160,shexp.up,13.793,0.7,475.1,133.6
1,n1m1,v16w4/k40,v64w4/v32w4,10,10,160,10,160,shexp.down,8.302,0.4,394.7,148.0
1,n1m1,v16w4/k40,v64w4/v32w4,10,10,160,10,160,combine,2.770,0.1,0.0,44.4
1,n1m1,v16w4/k40,v64w4/v32w4,10,10,160,10,160,block,340.630,16.4,,
1,n1m1,v32w4/k40,v64w4/v32w4,10,10,160,10,160,router,13.462,0.6,195.1,195.5
1,n1m1,v32w4/k40,v64w4/v32w4,10,10,160,10,160,router.sum,0.888,0.0,0.0,0.0
1,n1m1,v32w4/k40,v64w4/v32w4,10,10,160,10,160,route,5.352,0.3,0.0,0.0
1,n1m1,v32w4/k40,v64w4/v32w4,10,10,160,10,160,perm.up,2.391,0.1,0.0,0.0
1,n1m1,v32w4/k40,v64w4/v32w4,10,10,160,10,160,up,236.578,11.4,4432.3,77.9
1,n1m1,v32w4/k40,v64w4/v32w4,10,10,160,10,160,down,59.374,2.8,8830.3,207.0
1,n1m1,v32w4/k40,v64w4/v32w4,10,10,160,10,160,shexp.up,13.778,0.7,475.7,133.8
1,n1m1,v32w4/k40,v64w4/v32w4,10,10,160,10,160,shexp.down,8.350,0.4,392.4,147.2
1,n1m1,v32w4/k40,v64w4/v32w4,10,10,160,10,160,combine,2.775,0.1,0.0,44.3
1,n1m1,v32w4/k40,v64w4/v32w4,10,10,160,10,160,block,342.948,16.5,,
1,n1m1,v64w4/k40,v64w4/v32w4,10,10,160,10,160,router,13.635,0.7,192.6,193.0
1,n1m1,v64w4/k40,v64w4/v32w4,10,10,160,10,160,router.sum,0.873,0.0,0.0,0.0
1,n1m1,v64w4/k40,v64w4/v32w4,10,10,160,10,160,route,5.334,0.3,0.0,0.0
1,n1m1,v64w4/k40,v64w4/v32w4,10,10,160,10,160,perm.up,2.399,0.1,0.0,0.0
1,n1m1,v64w4/k40,v64w4/v32w4,10,10,160,10,160,up,236.859,11.4,4427.0,77.8
1,n1m1,v64w4/k40,v64w4/v32w4,10,10,160,10,160,down,59.507,2.9,8810.5,206.5
1,n1m1,v64w4/k40,v64w4/v32w4,10,10,160,10,160,shexp.up,13.670,0.7,479.4,134.8
1,n1m1,v64w4/k40,v64w4/v32w4,10,10,160,10,160,shexp.down,8.382,0.4,390.9,146.6
1,n1m1,v64w4/k40,v64w4/v32w4,10,10,160,10,160,combine,2.790,0.1,0.0,44.0
1,n1m1,v64w4/k40,v64w4/v32w4,10,10,160,10,160,block,343.449,16.5,,
1,v64w4,v16w4/gemm,v64w4/v32w4,10,10,160,10,160,router,87.786,4.2,29.9,30.0
1,v64w4,v16w4/gemm,v64w4/v32w4,10,10,160,10,160,route,5.397,0.3,0.0,0.0
1,v64w4,v16w4/gemm,v64w4/v32w4,10,10,160,10,160,perm.up,2.429,0.1,0.0,0.0
1,v64w4,v16w4/gemm,v64w4/v32w4,10,10,160,10,160,up,99.000,4.8,10591.7,186.2
1,v64w4,v16w4/gemm,v64w4/v32w4,10,10,160,10,160,down,57.473,2.8,9122.3,213.8
1,v64w4,v16w4/gemm,v64w4/v32w4,10,10,160,10,160,shexp.up,14.026,0.7,467.2,131.4
1,v64w4,v16w4/gemm,v64w4/v32w4,10,10,160,10,160,shexp.down,8.533,0.4,384.0,144.0
1,v64w4,v16w4/gemm,v64w4/v32w4,10,10,160,10,160,combine,2.812,0.1,0.0,43.7
1,v64w4,v16w4/gemm,v64w4/v32w4,10,10,160,10,160,block,277.456,13.3,,
1,v64w4,v16w4/k8,v64w4/v32w4,10,10,160,10,160,router,15.311,0.7,171.5,171.9
1,v64w4,v16w4/k8,v64w4/v32w4,10,10,160,10,160,router.sum,0.721,0.0,0.0,0.0
1,v64w4,v16w4/k8,v64w4/v32w4,10,10,160,10,160,route,5.364,0.3,0.0,0.0
1,v64w4,v16w4/k8,v64w4/v32w4,10,10,160,10,160,perm.up,2.429,0.1,0.0,0.0
1,v64w4,v16w4/k8,v64w4/v32w4,10,10,160,10,160,up,98.714,4.7,10622.4,186.7
1,v64w4,v16w4/k8,v64w4/v32w4,10,10,160,10,160,down,57.075,2.7,9185.9,215.3
1,v64w4,v16w4/k8,v64w4/v32w4,10,10,160,10,160,shexp.up,13.876,0.7,472.3,132.8
1,v64w4,v16w4/k8,v64w4/v32w4,10,10,160,10,160,shexp.down,8.488,0.4,386.1,144.8
1,v64w4,v16w4/k8,v64w4/v32w4,10,10,160,10,160,combine,2.950,0.1,0.0,41.7
1,v64w4,v16w4/k8,v64w4/v32w4,10,10,160,10,160,block,204.928,9.8,,
1,v64w4,v16w4/k10,v64w4/v32w4,10,10,160,10,160,router,19.989,1.0,131.4,131.7
1,v64w4,v16w4/k10,v64w4/v32w4,10,10,160,10,160,router.sum,0.726,0.0,0.0,0.0
1,v64w4,v16w4/k10,v64w4/v32w4,10,10,160,10,160,route,5.377,0.3,0.0,0.0
1,v64w4,v16w4/k10,v64w4/v32w4,10,10,160,10,160,perm.up,2.424,0.1,0.0,0.0
1,v64w4,v16w4/k10,v64w4/v32w4,10,10,160,10,160,up,99.017,4.8,10589.9,186.1
1,v64w4,v16w4/k10,v64w4/v32w4,10,10,160,10,160,down,56.915,2.7,9211.8,215.9
1,v64w4,v16w4/k10,v64w4/v32w4,10,10,160,10,160,shexp.up,13.981,0.7,468.8,131.8
1,v64w4,v16w4/k10,v64w4/v32w4,10,10,160,10,160,shexp.down,8.445,0.4,388.0,145.5
1,v64w4,v16w4/k10,v64w4/v32w4,10,10,160,10,160,combine,2.897,0.1,0.0,42.4
1,v64w4,v16w4/k10,v64w4/v32w4,10,10,160,10,160,block,209.771,10.1,,
1,v64w4,v16w4/k20,v64w4/v32w4,10,10,160,10,160,router,23.894,1.1,109.9,110.1
1,v64w4,v16w4/k20,v64w4/v32w4,10,10,160,10,160,router.sum,0.771,0.0,0.0,0.0
1,v64w4,v16w4/k20,v64w4/v32w4,10,10,160,10,160,route,5.397,0.3,0.0,0.0
1,v64w4,v16w4/k20,v64w4/v32w4,10,10,160,10,160,perm.up,2.409,0.1,0.0,0.0
1,v64w4,v16w4/k20,v64w4/v32w4,10,10,160,10,160,up,98.629,4.7,10631.5,186.9
1,v64w4,v16w4/k20,v64w4/v32w4,10,10,160,10,160,down,57.213,2.7,9163.8,214.8
1,v64w4,v16w4/k20,v64w4/v32w4,10,10,160,10,160,shexp.up,14.261,0.7,459.5,129.2
1,v64w4,v16w4/k20,v64w4/v32w4,10,10,160,10,160,shexp.down,8.608,0.4,380.7,142.8
1,v64w4,v16w4/k20,v64w4/v32w4,10,10,160,10,160,combine,2.920,0.1,0.0,42.1
1,v64w4,v16w4/k20,v64w4/v32w4,10,10,160,10,160,block,214.102,10.3,,
1,v64w4,v16w4/k40,v64w4/v32w4,10,10,160,10,160,router,13.432,0.6,195.5,195.9
1,v64w4,v16w4/k40,v64w4/v32w4,10,10,160,10,160,router.sum,0.918,0.0,0.0,0.0
1,v64w4,v16w4/k40,v64w4/v32w4,10,10,160,10,160,route,5.410,0.3,0.0,0.0
1,v64w4,v16w4/k40,v64w4/v32w4,10,10,160,10,160,perm.up,2.421,0.1,0.0,0.0
1,v64w4,v16w4/k40,v64w4/v32w4,10,10,160,10,160,up,98.942,4.7,10597.9,186.3
1,v64w4,v16w4/k40,v64w4/v32w4,10,10,160,10,160,down,57.345,2.8,9142.7,214.3
1,v64w4,v16w4/k40,v64w4/v32w4,10,10,160,10,160,shexp.up,13.875,0.7,472.3,132.8
1,v64w4,v16w4/k40,v64w4/v32w4,10,10,160,10,160,shexp.down,8.573,0.4,382.2,143.3
1,v64w4,v16w4/k40,v64w4/v32w4,10,10,160,10,160,combine,2.915,0.1,0.0,42.2
1,v64w4,v16w4/k40,v64w4/v32w4,10,10,160,10,160,block,203.831,9.8,,
1,v64w4,v16w4/k40,v16/v32w4,10,10,160,10,160,router,13.417,0.6,195.8,196.1
1,v64w4,v16w4/k40,v16/v32w4,10,10,160,10,160,router.sum,0.916,0.0,0.0,0.0
1,v64w4,v16w4/k40,v16/v32w4,10,10,160,10,160,route,5.385,0.3,0.0,0.0
1,v64w4,v16w4/k40,v16/v32w4,10,10,160,10,160,perm.up,2.421,0.1,0.0,0.0
1,v64w4,v16w4/k40,v16/v32w4,10,10,160,10,160,up,98.526,4.7,10642.6,187.1
1,v64w4,v16w4/k40,v16/v32w4,10,10,160,10,160,down,57.148,2.7,9174.2,215.0
1,v64w4,v16w4/k40,v16/v32w4,10,10,160,10,160,shexp.up,30.705,1.5,213.4,60.0
1,v64w4,v16w4/k40,v16/v32w4,10,10,160,10,160,shexp.down,8.813,0.4,371.8,139.4
1,v64w4,v16w4/k40,v16/v32w4,10,10,160,10,160,combine,2.950,0.1,0.0,41.7
1,v64w4,v16w4/k40,v16/v32w4,10,10,160,10,160,block,220.281,10.6,,
1,v64w4,v16w4/k40,v32/v32w4,10,10,160,10,160,router,13.617,0.7,192.9,193.3
1,v64w4,v16w4/k40,v32/v32w4,10,10,160,10,160,router.sum,0.923,0.0,0.0,0.0
1,v64w4,v16w4/k40,v32/v32w4,10,10,160,10,160,route,5.365,0.3,0.0,0.0
1,v64w4,v16w4/k40,v32/v32w4,10,10,160,10,160,perm.up,2.434,0.1,0.0,0.0
1,v64w4,v16w4/k40,v32/v32w4,10,10,160,10,160,up,99.608,4.8,10527.0,185.0
1,v64w4,v16w4/k40,v32/v32w4,10,10,160,10,160,down,57.573,2.8,9106.5,213.4
1,v64w4,v16w4/k40,v32/v32w4,10,10,160,10,160,shexp.up,23.303,1.1,281.2,79.1
1,v64w4,v16w4/k40,v32/v32w4,10,10,160,10,160,shexp.down,8.593,0.4,381.3,143.0
1,v64w4,v16w4/k40,v32/v32w4,10,10,160,10,160,combine,2.925,0.1,0.0,42.0
1,v64w4,v16w4/k40,v32/v32w4,10,10,160,10,160,block,214.341,10.3,,
1,v64w4,v16w4/k40,v64/v32w4,10,10,160,10,160,router,13.567,0.7,193.6,194.0
1,v64w4,v16w4/k40,v64/v32w4,10,10,160,10,160,router.sum,0.931,0.0,0.0,0.0
1,v64w4,v16w4/k40,v64/v32w4,10,10,160,10,160,route,5.397,0.3,0.0,0.0
1,v64w4,v16w4/k40,v64/v32w4,10,10,160,10,160,perm.up,2.431,0.1,0.0,0.0
1,v64w4,v16w4/k40,v64/v32w4,10,10,160,10,160,up,98.549,4.7,10640.1,187.0
1,v64w4,v16w4/k40,v64/v32w4,10,10,160,10,160,down,56.819,2.7,9227.3,216.3
1,v64w4,v16w4/k40,v64/v32w4,10,10,160,10,160,shexp.up,27.940,1.3,234.6,66.0
1,v64w4,v16w4/k40,v64/v32w4,10,10,160,10,160,shexp.down,8.458,0.4,387.4,145.3
1,v64w4,v16w4/k40,v64/v32w4,10,10,160,10,160,combine,2.932,0.1,0.0,41.9
1,v64w4,v16w4/k40,v64/v32w4,10,10,160,10,160,block,217.024,10.4,,
1,v64w4,v16w4/k40,v16w4/v32w4,10,10,160,10,160,router,13.417,0.6,195.8,196.1
1,v64w4,v16w4/k40,v16w4/v32w4,10,10,160,10,160,router.sum,0.906,0.0,0.0,0.0
1,v64w4,v16w4/k40,v16w4/v32w4,10,10,160,10,160,route,5.382,0.3,0.0,0.0
1,v64w4,v16w4/k40,v16w4/v32w4,10,10,160,10,160,perm.up,2.424,0.1,0.0,0.0
1,v64w4,v16w4/k40,v16w4/v32w4,10,10,160,10,160,up,98.907,4.7,10601.6,186.4
1,v64w4,v16w4/k40,v16w4/v32w4,10,10,160,10,160,down,57.132,2.7,9176.8,215.1
1,v64w4,v16w4/k40,v16w4/v32w4,10,10,160,10,160,shexp.up,25.287,1.2,259.2,72.9
1,v64w4,v16w4/k40,v16w4/v32w4,10,10,160,10,160,shexp.down,8.498,0.4,385.6,144.6
1,v64w4,v16w4/k40,v16w4/v32w4,10,10,160,10,160,combine,2.910,0.1,0.0,42.2
1,v64w4,v16w4/k40,v16w4/v32w4,10,10,160,10,160,block,214.863,10.3,,
1,v64w4,v16w4/k40,v32w4/v32w4,10,10,160,10,160,router,13.377,0.6,196.3,196.7
1,v64w4,v16w4/k40,v32w4/v32w4,10,10,160,10,160,router.sum,0.908,0.0,0.0,0.0
1,v64w4,v16w4/k40,v32w4/v32w4,10,10,160,10,160,route,5.382,0.3,0.0,0.0
1,v64w4,v16w4/k40,v32w4/v32w4,10,10,160,10,160,perm.up,2.431,0.1,0.0,0.0
1,v64w4,v16w4/k40,v32w4/v32w4,10,10,160,10,160,up,98.654,4.7,10628.8,186.8
1,v64w4,v16w4/k40,v32w4/v32w4,10,10,160,10,160,down,56.867,2.7,9219.5,216.1
1,v64w4,v16w4/k40,v32w4/v32w4,10,10,160,10,160,shexp.up,17.835,0.9,367.5,103.3
1,v64w4,v16w4/k40,v32w4/v32w4,10,10,160,10,160,shexp.down,8.483,0.4,386.3,144.9
1,v64w4,v16w4/k40,v32w4/v32w4,10,10,160,10,160,combine,2.907,0.1,0.0,42.3
1,v64w4,v16w4/k40,v32w4/v32w4,10,10,160,10,160,block,206.844,9.9,,
1,v64w4,v16w4/k40,v64w4/v32w4,10,10,160,10,160,router,13.387,0.6,196.2,196.6
1,v64w4,v16w4/k40,v64w4/v32w4,10,10,160,10,160,router.sum,0.923,0.0,0.0,0.0
1,v64w4,v16w4/k40,v64w4/v32w4,10,10,160,10,160,route,5.375,0.3,0.0,0.0
1,v64w4,v16w4/k40,v64w4/v32w4,10,10,160,10,160,perm.up,2.431,0.1,0.0,0.0
1,v64w4,v16w4/k40,v64w4/v32w4,10,10,160,10,160,up,98.714,4.7,10622.4,186.7
1,v64w4,v16w4/k40,v64w4/v32w4,10,10,160,10,160,down,56.977,2.7,9201.7,215.7
1,v64w4,v16w4/k40,v64w4/v32w4,10,10,160,10,160,shexp.up,13.863,0.7,472.7,133.0
1,v64w4,v16w4/k40,v64w4/v32w4,10,10,160,10,160,shexp.down,8.480,0.4,386.4,144.9
1,v64w4,v16w4/k40,v64w4/v32w4,10,10,160,10,160,combine,2.925,0.1,0.0,42.0
1,v64w4,v16w4/k40,v64w4/v32w4,10,10,160,10,160,block,203.075,9.7,,
1,v64w4,v16w4/k40,v64w4/v16,10,10,160,10,160,router,13.602,0.7,193.1,193.5
1,v64w4,v16w4/k40,v64w4/v16,10,10,160,10,160,router.sum,0.931,0.0,0.0,0.0
1,v64w4,v16w4/k40,v64w4/v16,10,10,160,10,160,route,5.372,0.3,0.0,0.0
1,v64w4,v16w4/k40,v64w4/v16,10,10,160,10,160,perm.up,2.421,0.1,0.0,0.0
1,v64w4,v16w4/k40,v64w4/v16,10,10,160,10,160,up,98.802,4.7,10612.9,186.6
1,v64w4,v16w4/k40,v64w4/v16,10,10,160,10,160,down,57.143,2.7,9175.0,215.0
1,v64w4,v16w4/k40,v64w4/v16,10,10,160,10,160,shexp.up,13.921,0.7,470.8,132.4
1,v64w4,v16w4/k40,v64w4/v16,10,10,160,10,160,shexp.down,9.214,0.4,355.6,133.4
1,v64w4,v16w4/k40,v64w4/v16,10,10,160,10,160,combine,2.917,0.1,0.0,42.1
1,v64w4,v16w4/k40,v64w4/v16,10,10,160,10,160,block,204.323,9.8,,
1,v64w4,v16w4/k40,v64w4/v32,10,10,160,10,160,router,13.387,0.6,196.2,196.6
1,v64w4,v16w4/k40,v64w4/v32,10,10,160,10,160,router.sum,0.928,0.0,0.0,0.0
1,v64w4,v16w4/k40,v64w4/v32,10,10,160,10,160,route,5.382,0.3,0.0,0.0
1,v64w4,v16w4/k40,v64w4/v32,10,10,160,10,160,perm.up,2.429,0.1,0.0,0.0
1,v64w4,v16w4/k40,v64w4/v32,10,10,160,10,160,up,98.626,4.7,10631.8,186.9
1,v64w4,v16w4/k40,v64w4/v32,10,10,160,10,160,down,57.045,2.7,9190.8,215.4
1,v64w4,v16w4/k40,v64w4/v32,10,10,160,10,160,shexp.up,13.890,0.7,471.8,132.7
1,v64w4,v16w4/k40,v64w4/v32,10,10,160,10,160,shexp.down,9.417,0.5,348.0,130.5
1,v64w4,v16w4/k40,v64w4/v32,10,10,160,10,160,combine,2.917,0.1,0.0,42.1
1,v64w4,v16w4/k40,v64w4/v32,10,10,160,10,160,block,204.021,9.8,,
1,v64w4,v16w4/k40,v64w4/v64,10,10,160,10,160,router,13.437,0.6,195.5,195.9
1,v64w4,v16w4/k40,v64w4/v64,10,10,160,10,160,router.sum,0.923,0.0,0.0,0.0
1,v64w4,v16w4/k40,v64w4/v64,10,10,160,10,160,route,5.395,0.3,0.0,0.0
1,v64w4,v16w4/k40,v64w4/v64,10,10,160,10,160,perm.up,2.486,0.1,0.0,0.0
1,v64w4,v16w4/k40,v64w4/v64,10,10,160,10,160,up,99.548,4.8,10533.4,185.2
1,v64w4,v16w4/k40,v64w4/v64,10,10,160,10,160,down,57.476,2.8,9121.9,213.8
1,v64w4,v16w4/k40,v64w4/v64,10,10,160,10,160,shexp.up,14.201,0.7,461.5,129.8
1,v64w4,v16w4/k40,v64w4/v64,10,10,160,10,160,shexp.down,11.017,0.5,297.4,111.5
1,v64w4,v16w4/k40,v64w4/v64,10,10,160,10,160,combine,2.927,0.1,0.0,42.0
1,v64w4,v16w4/k40,v64w4/v64,10,10,160,10,160,block,207.410,10.0,,
1,v64w4,v16w4/k40,v64w4/v16w4,10,10,160,10,160,router,13.532,0.6,194.1,194.5
1,v64w4,v16w4/k40,v64w4/v16w4,10,10,160,10,160,router.sum,0.913,0.0,0.0,0.0
1,v64w4,v16w4/k40,v64w4/v16w4,10,10,160,10,160,route,5.392,0.3,0.0,0.0
1,v64w4,v16w4/k40,v64w4/v16w4,10,10,160,10,160,perm.up,2.416,0.1,0.0,0.0
1,v64w4,v16w4/k40,v64w4/v16w4,10,10,160,10,160,up,98.601,4.7,10634.5,186.9
1,v64w4,v16w4/k40,v64w4/v16w4,10,10,160,10,160,down,57.331,2.8,9144.9,214.3
1,v64w4,v16w4/k40,v64w4/v16w4,10,10,160,10,160,shexp.up,13.875,0.7,472.3,132.8
1,v64w4,v16w4/k40,v64w4/v16w4,10,10,160,10,160,shexp.down,8.185,0.4,400.3,150.1
1,v64w4,v16w4/k40,v64w4/v16w4,10,10,160,10,160,combine,2.912,0.1,0.0,42.2
1,v64w4,v16w4/k40,v64w4/v16w4,10,10,160,10,160,block,203.157,9.8,,
1,v64w4,v16w4/k40,v64w4/v32w4,10,10,160,10,160,router,13.374,0.6,196.4,196.8
1,v64w4,v16w4/k40,v64w4/v32w4,10,10,160,10,160,router.sum,0.911,0.0,0.0,0.0
1,v64w4,v16w4/k40,v64w4/v32w4,10,10,160,10,160,route,5.382,0.3,0.0,0.0
1,v64w4,v16w4/k40,v64w4/v32w4,10,10,160,10,160,perm.up,2.419,0.1,0.0,0.0
1,v64w4,v16w4/k40,v64w4/v32w4,10,10,160,10,160,up,98.621,4.7,10632.4,186.9
1,v64w4,v16w4/k40,v64w4/v32w4,10,10,160,10,160,down,57.218,2.7,9163.0,214.8
1,v64w4,v16w4/k40,v64w4/v32w4,10,10,160,10,160,shexp.up,13.948,0.7,469.9,132.1
1,v64w4,v16w4/k40,v64w4/v32w4,10,10,160,10,160,shexp.down,8.458,0.4,387.4,145.3
1,v64w4,v16w4/k40,v64w4/v32w4,10,10,160,10,160,combine,2.902,0.1,0.0,42.3
1,v64w4,v16w4/k40,v64w4/v32w4,10,10,160,10,160,block,203.233,9.8,,
1,v64w4,v16w4/k40,v64w4/v64w4,10,10,160,10,160,router,13.409,0.6,195.9,196.3
1,v64w4,v16w4/k40,v64w4/v64w4,10,10,160,10,160,router.sum,0.916,0.0,0.0,0.0
1,v64w4,v16w4/k40,v64w4/v64w4,10,10,160,10,160,route,5.385,0.3,0.0,0.0
1,v64w4,v16w4/k40,v64w4/v64w4,10,10,160,10,160,perm.up,2.436,0.1,0.0,0.0
1,v64w4,v16w4/k40,v64w4/v64w4,10,10,160,10,160,up,98.717,4.7,10622.0,186.7
1,v64w4,v16w4/k40,v64w4/v64w4,10,10,160,10,160,down,56.970,2.7,9202.9,215.7
1,v64w4,v16w4/k40,v64w4/v64w4,10,10,160,10,160,shexp.up,14.018,0.7,467.5,131.5
1,v64w4,v16w4/k40,v64w4/v64w4,10,10,160,10,160,shexp.down,8.921,0.4,367.3,137.7
1,v64w4,v16w4/k40,v64w4/v64w4,10,10,160,10,160,combine,2.915,0.1,0.0,42.2
1,v64w4,v16w4/k40,v64w4/v64w4,10,10,160,10,160,block,203.687,9.8,,
